Supplier_ID,Company_Name,Industry,Region,Carbon_Emissions_MT,Water_Usage_m3,Social_Diversity_Score_%,Safety_Violations,Last_Audit_Date,Compliance_Status
SUP-1000,Vendor_0,IT Services,NA,249.82,192.61,45.98,1,10-09-2025,Certified
SUP-1001,Vendor_1,Consumer Goods,EMEA,1623.98,1174.25,37.32,2,20-05-2025,Certified
SUP-1002,Vendor_2,Energy,LATAM,98194.59,17486.64,7.12,0,17-02-2025,Certified
SUP-1003,Vendor_3,Consumer Goods,APAC,1733.62,1912.73,,1,17-04-2025,Certified
SUP-1004,Vendor_4,Healthcare,APAC,1417.78,639.49,34.38,1,12-05-2025,Certified
SUP-1005,Vendor_5,Healthcare,APAC,1677.76,699.67,37.71,1,10-07-2025,Certified
SUP-1006,Vendor_6,Energy,EMEA,76452.69,7557.86,5.65,3,16-01-2026,Certified
SUP-1007,Vendor_7,Energy,LATAM,45860.33,15263.5,9.4,0,31-10-2025,Certified
SUP-1008,Vendor_8,Energy,NA,69710.61,5515.83,14.09,0,28-09-2025,Certified
SUP-1009,Vendor_9,Consumer Goods,APAC,3650.09,1935.13,30.4,1,22-04-2025,Certified
SUP-1010,Vendor_10,Healthcare,EMEA,1954.38,1275.13,44.09,3,29-05-2025,Certified
SUP-1011,Vendor_11,Healthcare,APAC,793.97,545.23,34.88,1,15-06-2025,Certified
SUP-1012,Vendor_12,IT Services,EMEA,431.5,103.51,39.21,1,02-01-2026,Certified
SUP-1013,Vendor_13,IT Services,APAC,420.88,61.18,,1,05-08-2025,Certified
SUP-1014,Vendor_14,Manufacturing,APAC,5055.22,6892.77,20.6,2,13-10-2025,Certified
SUP-1015,Vendor_15,Energy,APAC,61507.94,6738.04,13.63,1,15-05-2025,Certified
SUP-1016,Vendor_16,Energy,NA,43813.5,9664.73,8.25,3,17-12-2025,Certified
SUP-1017,Vendor_17,Manufacturing,NA,6195.94,6279.47,21.41,2,31-08-2025,Certified
SUP-1018,Vendor_18,IT Services,EMEA,309.09,114.13,35.38,0,18-10-2025,Certified
SUP-1019,Vendor_19,Healthcare,NA,547.14,1136.41,34.72,2,13-02-2026,Certified
SUP-1020,Vendor_20,Healthcare,EMEA,1115.57,1255.55,33.43,0,12-12-2025,Certified
SUP-1021,Vendor_21,Manufacturing,EMEA,7897.51,2967.33,23.95,4,13-04-2025,Certified
SUP-1022,Vendor_22,Energy,EMEA,93553.54,13090.13,13.07,1,09-07-2025,Certified
SUP-1023,Vendor_23,Manufacturing,EMEA,6100.52,3367.61,16.41,2,28-10-2025,Certified
SUP-1024,Vendor_24,Consumer Goods,NA,3042.99,2252.23,24.44,0,19-03-2025,Certified
SUP-1025,Vendor_25,Consumer Goods,APAC,2350.46,3828.73,26.46,2,20-07-2025,Certified
SUP-1026,Vendor_26,Consumer Goods,LATAM,4887.13,3887.34,25.04,1,17-02-2025,Certified
SUP-1027,Vendor_27,Energy,NA,57090.43,5553.3,11.1,1,20-06-2025,Certified
SUP-1028,Vendor_28,Consumer Goods,APAC,2114.59,3724.8,24.79,0,29-07-2025,Certified
SUP-1029,Vendor_29,Energy,NA,69367.17,19784.76,7.42,2,20-02-2025,Certified
SUP-1030,Vendor_30,Energy,APAC,83692.98,10516.75,11.32,2,28-04-2025,Certified
SUP-1031,Vendor_31,Healthcare,EMEA,1752.95,820.78,32.8,0,01-02-2026,Certified
SUP-1032,Vendor_32,IT Services,LATAM,336.36,151.63,35.25,1,03-10-2025,Certified
SUP-1033,Vendor_33,Consumer Goods,LATAM,3580.69,1523.1,33.82,2,03-03-2025,Certified
SUP-1034,Vendor_34,Energy,LATAM,60463.98,6702.1,14.25,1,07-01-2026,Certified
SUP-1035,Vendor_35,Healthcare,LATAM,1489.98,1317.22,38.33,1,30-04-2025,Certified
SUP-1036,Vendor_36,Consumer Goods,APAC,1372.41,3691.65,38.01,1,20-01-2026,Certified
SUP-1037,Vendor_37,Manufacturing,NA,8492.1,6355.73,23.46,3,17-10-2025,Certified
SUP-1038,Vendor_38,IT Services,EMEA,164.65,184.78,44.1,0,12-03-2025,Certified
SUP-1039,Vendor_39,Healthcare,APAC,652.21,1163.5,30.08,0,15-01-2026,Certified
SUP-1040,Vendor_40,IT Services,NA,319.49,153.78,44.78,0,26-11-2025,Certified
SUP-1041,Vendor_41,Healthcare,EMEA,1568.27,737.25,34.88,3,06-10-2025,Certified
SUP-1042,Vendor_42,Healthcare,LATAM,1352.46,593.67,,0,03-08-2025,Certified
SUP-1043,Vendor_43,Energy,APAC,54639.38,19595.16,8.93,3,31-07-2025,Certified
SUP-1044,Vendor_44,Healthcare,EMEA,13653.56,992.52,32.93,1,22-02-2025,Certified
SUP-1045,Vendor_45,Consumer Goods,LATAM,1097.26,2936.42,23.54,4,19-04-2025,Certified
SUP-1046,Vendor_46,Manufacturing,APAC,14283.19,4569.1,24.5,2,21-01-2026,Certified
SUP-1047,Vendor_47,Energy,LATAM,63105.86,17767.05,8.17,0,30-07-2025,Certified
SUP-1048,Vendor_48,Healthcare,EMEA,1335.2,1436.15,40.44,1,31-07-2025,Certified
SUP-1049,Vendor_49,Energy,LATAM,76900.43,19850.81,6.4,3,06-05-2025,Certified
SUP-1050,Vendor_50,Consumer Goods,EMEA,3809.94,2078.47,25.87,4,12-03-2025,Certified
SUP-1051,Vendor_51,Healthcare,NA,12522.74,1298.3,39.75,3,12-12-2025,Certified
SUP-1052,Vendor_52,IT Services,NA,250.23,64.1,43.67,0,15-10-2025,Certified
SUP-1053,Vendor_53,IT Services,LATAM,286.24,131.4,39.3,1,26-07-2025,Certified
SUP-1054,Vendor_54,Healthcare,EMEA,556.02,1322.6,35.4,0,14-01-2026,Certified
SUP-1055,Vendor_55,Manufacturing,NA,10222.43,6619.96,13.24,1,08-07-2025,Certified
SUP-1056,Vendor_56,Healthcare,LATAM,577.52,1031.35,38.11,3,03-12-2025,Certified
SUP-1057,Vendor_57,Manufacturing,EMEA,8229.56,6771.12,14.06,1,02-12-2025,Certified
SUP-1058,Vendor_58,Manufacturing,NA,5253.51,7775.89,22.54,1,02-05-2025,Certified
SUP-1059,Vendor_59,Consumer Goods,EMEA,1693.18,1469.31,25,2,28-04-2025,Certified
SUP-1060,Vendor_60,Manufacturing,EMEA,77993.39,7729.19,21.07,2,24-04-2025,Certified
SUP-1061,Vendor_61,Consumer Goods,EMEA,1990.92,2067.92,35.16,0,08-05-2025,Certified
SUP-1062,Vendor_62,Healthcare,LATAM,674.11,546,30.61,2,07-06-2025,Certified
SUP-1063,Vendor_63,Healthcare,LATAM,646.75,991.62,37.1,0,31-05-2025,Certified
SUP-1064,Vendor_64,IT Services,EMEA,2735.41,109.78,44.24,1,05-01-2026,Certified
SUP-1065,Vendor_65,IT Services,APAC,249.85,143.88,42.55,2,28-05-2025,Certified
SUP-1066,Vendor_66,Energy,APAC,44234.12,14636.29,5.27,3,02-03-2025,Certified
SUP-1067,Vendor_67,IT Services,APAC,357.32,118.74,,4,09-11-2025,Certified
SUP-1068,Vendor_68,Manufacturing,LATAM,5693.61,2604.67,10.27,0,16-10-2025,Certified
SUP-1069,Vendor_69,Manufacturing,EMEA,11830.07,2427.13,,1,24-01-2026,Certified
SUP-1070,Vendor_70,IT Services,EMEA,425.79,92.28,36.77,3,19-07-2025,Certified
SUP-1071,Vendor_71,Healthcare,NA,17052.21,782.03,32.66,3,13-08-2025,Certified
SUP-1072,Vendor_72,Healthcare,EMEA,1058.03,1276.41,35.11,3,06-01-2026,Certified
SUP-1073,Vendor_73,Consumer Goods,LATAM,4018.17,1309.37,38.05,2,12-02-2026,Certified
SUP-1074,Vendor_74,IT Services,APAC,458.21,108.38,35.16,1,07-09-2025,Certified
SUP-1075,Vendor_75,IT Services,NA,227.73,192.51,49.26,2,14-02-2026,Certified
SUP-1076,Vendor_76,IT Services,NA,217.28,99.3,45.09,3,18-01-2026,Certified
SUP-1077,Vendor_77,Manufacturing,APAC,9944.2,2345.35,18.24,2,07-11-2025,Certified
SUP-1078,Vendor_78,Consumer Goods,NA,1468.27,1428.98,35.23,1,31-12-2025,Certified
SUP-1079,Vendor_79,Healthcare,APAC,626.16,1200.97,,2,31-05-2025,Certified
SUP-1080,Vendor_80,Manufacturing,EMEA,5848.38,7919.84,15.61,2,24-12-2025,Certified
SUP-1081,Vendor_81,Healthcare,LATAM,1979,1253.38,35.64,0,01-08-2025,Certified
SUP-1082,Vendor_82,Healthcare,NA,1665.72,1058.4,36.36,1,30-11-2025,Certified
SUP-1083,Vendor_83,Energy,EMEA,69557.51,5170.3,9.69,0,12-04-2025,Certified
SUP-1084,Vendor_84,Manufacturing,LATAM,6188.18,2705.16,19.74,3,30-10-2025,Certified
SUP-1085,Vendor_85,IT Services,LATAM,214.28,180.29,38.35,1,11-02-2026,Certified
SUP-1086,Vendor_86,Healthcare,LATAM,1954.82,543.16,43.37,2,23-02-2025,Certified
SUP-1087,Vendor_87,Consumer Goods,APAC,3215.42,3907.91,30.46,2,26-04-2025,Certified
SUP-1088,Vendor_88,IT Services,LATAM,351.02,137.65,48.52,0,22-08-2025,Certified
SUP-1089,Vendor_89,Healthcare,LATAM,921.44,1450.41,,1,19-06-2025,Certified
SUP-1090,Vendor_90,Manufacturing,LATAM,7773.81,3128.73,16.96,1,23-11-2025,Certified
SUP-1091,Vendor_91,IT Services,NA,131.09,196.16,49.79,2,23-02-2025,Certified
SUP-1092,Vendor_92,Manufacturing,LATAM,13137.95,6108.39,12.44,5,07-03-2025,Certified
SUP-1093,Vendor_93,Energy,NA,95963.71,17990.96,5.45,0,05-07-2025,Certified
SUP-1094,Vendor_94,Manufacturing,NA,8764.63,6863.32,24.81,0,16-04-2025,Certified
SUP-1095,Vendor_95,Energy,APAC,75647.84,10713.36,14.7,3,14-07-2025,Certified
SUP-1096,Vendor_96,Healthcare,APAC,910.11,556.38,42.97,6,24-08-2025,Certified
SUP-1097,Vendor_97,Energy,EMEA,54840.89,11758.16,6.29,2,15-08-2025,Certified
SUP-1098,Vendor_98,Healthcare,EMEA,1507.55,1118.13,,0,17-05-2025,Certified
SUP-1099,Vendor_99,Consumer Goods,APAC,36862.93,2560.92,35.45,2,31-07-2025,Certified
SUP-1100,Vendor_100,Healthcare,LATAM,1341.41,1376.65,36.05,0,25-04-2025,Certified
SUP-1101,Vendor_101,Consumer Goods,EMEA,1115.13,3265.41,32.41,1,16-08-2025,Certified
SUP-1102,Vendor_102,Consumer Goods,NA,1545.49,1043.63,27.01,1,05-08-2025,Certified
SUP-1103,Vendor_103,Healthcare,NA,1156.21,1404.16,35.22,2,10-11-2025,Certified
SUP-1104,Vendor_104,Consumer Goods,EMEA,3488.35,3587.09,38.99,0,02-09-2025,Certified
SUP-1105,Vendor_105,Healthcare,APAC,1889.88,992.12,33.87,2,23-01-2026,Certified
SUP-1106,Vendor_106,Healthcare,LATAM,993.13,1133.4,33.6,0,04-04-2025,Certified
SUP-1107,Vendor_107,IT Services,NA,151.55,69.21,37.28,0,26-07-2025,Certified
SUP-1108,Vendor_108,Manufacturing,LATAM,11408.75,3091.28,15.19,2,30-12-2025,Certified
SUP-1109,Vendor_109,Consumer Goods,EMEA,1689.28,1576.87,20.82,0,09-12-2025,Certified
SUP-1110,Vendor_110,Manufacturing,APAC,7785.9,3062.06,,0,03-02-2026,Certified
SUP-1111,Vendor_111,Consumer Goods,NA,2843.12,1619,27.29,2,29-08-2025,Certified
SUP-1112,Vendor_112,Consumer Goods,NA,4197.64,2883.7,21.64,2,03-06-2025,Certified
SUP-1113,Vendor_113,IT Services,APAC,210.75,170.93,46.22,0,27-07-2025,Certified
SUP-1114,Vendor_114,Manufacturing,NA,7093.49,4222.83,17.27,1,07-11-2025,Certified
SUP-1115,Vendor_115,IT Services,EMEA,285.01,162.12,35.55,0,09-08-2025,Certified
SUP-1116,Vendor_116,Energy,EMEA,82800.98,18428.1,10.12,1,17-12-2025,Certified
SUP-1117,Vendor_117,Healthcare,EMEA,1171.12,1032.62,33.64,0,24-02-2025,Certified
SUP-1118,Vendor_118,Healthcare,NA,1065.93,520.07,34.83,0,05-03-2025,Certified
SUP-1119,Vendor_119,Manufacturing,EMEA,8274.97,2718.57,23.36,3,11-11-2025,Certified
SUP-1120,Vendor_120,Consumer Goods,EMEA,1347.68,2611.32,31.74,2,17-02-2025,Certified
SUP-1121,Vendor_121,Energy,EMEA,57026.55,10446.23,11.46,1,05-10-2025,Certified
SUP-1122,Vendor_122,IT Services,LATAM,494.61,140.87,38.56,0,16-08-2025,Certified
SUP-1123,Vendor_123,Consumer Goods,EMEA,1611.44,1737.87,23.21,0,20-01-2026,Certified
SUP-1124,Vendor_124,Consumer Goods,EMEA,2140.38,1520.12,37.94,0,28-03-2025,Certified
SUP-1125,Vendor_125,IT Services,APAC,309.8,111.56,49.74,0,04-06-2025,Certified
SUP-1126,Vendor_126,Manufacturing,NA,8978.56,0,22.98,1,09-04-2025,Certified
SUP-1127,Vendor_127,IT Services,NA,168.36,150.3,48.94,2,18-06-2025,Certified
SUP-1128,Vendor_128,Healthcare,APAC,1654.24,687.04,34.86,1,06-11-2025,Certified
SUP-1129,Vendor_129,IT Services,APAC,196.96,67.23,44.16,0,16-12-2025,Certified
SUP-1130,Vendor_130,Healthcare,NA,1371.86,654.36,37.22,1,03-08-2025,Certified
SUP-1131,Vendor_131,Healthcare,APAC,1004.91,634.41,30.95,2,03-11-2025,Certified
SUP-1132,Vendor_132,Healthcare,NA,881.96,1181.5,41.4,1,25-05-2025,Certified
SUP-1133,Vendor_133,Healthcare,APAC,1117.76,848.87,43.94,2,20-09-2025,Certified
SUP-1134,Vendor_134,Energy,NA,83852.05,19075.11,6.81,0,29-05-2025,Certified
SUP-1135,Vendor_135,Healthcare,EMEA,1611.68,1074.47,42.63,0,30-01-2026,Certified
SUP-1136,Vendor_136,Healthcare,APAC,1692.9,701.63,32.45,0,30-04-2025,Certified
SUP-1137,Vendor_137,Energy,NA,88874.48,14977.96,10.23,2,24-07-2025,Certified
SUP-1138,Vendor_138,Energy,LATAM,88995.97,11587.02,8.77,1,24-08-2025,Certified
SUP-1139,Vendor_139,Healthcare,LATAM,1621.41,1002.72,33.48,2,23-01-2026,Certified
SUP-1140,Vendor_140,IT Services,APAC,462.59,143.64,36.75,2,17-07-2025,Certified
SUP-1141,Vendor_141,IT Services,LATAM,155.71,169.1,44.3,3,15-04-2025,Certified
SUP-1142,Vendor_142,Energy,APAC,58703.32,8727.34,12.44,0,15-11-2025,Certified
SUP-1143,Vendor_143,Healthcare,NA,13548.35,1262.46,43.15,1,13-11-2025,Certified
SUP-1144,Vendor_144,Consumer Goods,APAC,1442.53,3539.36,22.55,2,18-04-2025,Certified
SUP-1145,Vendor_145,IT Services,EMEA,191.7,158.34,45.8,2,25-04-2025,Certified
SUP-1146,Vendor_146,Manufacturing,APAC,7517.99,4074.18,,2,30-06-2025,Certified
SUP-1147,Vendor_147,Energy,LATAM,67720.35,19209.25,6.53,1,14-11-2025,Certified
SUP-1148,Vendor_148,Healthcare,APAC,1417.18,518.11,43.08,4,16-05-2025,Certified
SUP-1149,Vendor_149,Energy,LATAM,49152.34,13644.33,11.07,2,24-08-2025,Certified
SUP-1150,Vendor_150,Healthcare,EMEA,1888.35,950.84,31.7,2,13-07-2025,Certified
SUP-1151,Vendor_151,Consumer Goods,APAC,4683.37,3609.69,30.38,1,07-09-2025,Certified
SUP-1152,Vendor_152,Manufacturing,NA,5547.62,4011.18,22.04,0,25-02-2025,Certified
SUP-1153,Vendor_153,Manufacturing,APAC,8334.99,4389.01,18.06,2,26-06-2025,Certified
SUP-1154,Vendor_154,Energy,APAC,84250.07,11783.27,7.25,1,26-07-2025,Certified
SUP-1155,Vendor_155,Consumer Goods,EMEA,17055.48,2495.1,28.38,2,26-01-2026,Certified
SUP-1156,Vendor_156,Healthcare,LATAM,14483.96,513.09,39.95,0,18-03-2025,Certified
SUP-1157,Vendor_157,Healthcare,NA,1941.61,648.66,36.22,0,08-02-2026,Certified
SUP-1158,Vendor_158,Energy,LATAM,99812.46,12532.93,10.95,0,18-08-2025,Certified
SUP-1159,Vendor_159,Consumer Goods,EMEA,3999.84,1629.72,37.96,0,07-04-2025,Certified
SUP-1160,Vendor_160,Healthcare,NA,786.03,536.55,37.08,1,27-01-2026,Certified
SUP-1161,Vendor_161,Healthcare,NA,1663.29,953.29,37.87,1,25-12-2025,Certified
SUP-1162,Vendor_162,Consumer Goods,LATAM,3238.56,1465.72,23.64,3,21-04-2025,Certified
SUP-1163,Vendor_163,Manufacturing,LATAM,11440,4452.41,,0,11-05-2025,Certified
SUP-1164,Vendor_164,Healthcare,EMEA,1573.96,1158.92,30.41,0,12-05-2025,Certified
SUP-1165,Vendor_165,Healthcare,NA,846.61,1171.89,30.3,0,12-01-2026,Certified
SUP-1166,Vendor_166,Consumer Goods,EMEA,4199.66,1535.63,33.05,0,08-08-2025,Certified
SUP-1167,Vendor_167,IT Services,LATAM,139.78,86.48,45.83,2,30-01-2026,Certified
SUP-1168,Vendor_168,Healthcare,LATAM,1502.13,704.98,34.4,1,27-01-2026,Certified
SUP-1169,Vendor_169,Healthcare,NA,628.26,707.89,30.4,0,16-04-2025,Certified
SUP-1170,Vendor_170,Healthcare,APAC,1374.56,921.42,43.39,1,28-10-2025,Certified
SUP-1171,Vendor_171,IT Services,NA,203.77,106.95,43.85,0,16-02-2026,Certified
SUP-1172,Vendor_172,Consumer Goods,EMEA,3496.6,2228.23,,1,23-06-2025,Certified
SUP-1173,Vendor_173,Manufacturing,APAC,14484.53,6581.63,12.1,4,10-09-2025,Certified
SUP-1174,Vendor_174,Manufacturing,LATAM,5224.69,3612.06,,1,24-07-2025,Certified
SUP-1175,Vendor_175,IT Services,NA,155.74,175.24,49.77,1,12-11-2025,Certified
SUP-1176,Vendor_176,Energy,EMEA,56338.44,5275.86,14.14,0,11-03-2025,Certified
SUP-1177,Vendor_177,Healthcare,EMEA,1364.77,774.06,38.31,2,21-06-2025,Certified
SUP-1178,Vendor_178,Healthcare,LATAM,516.49,636.89,43.5,3,14-05-2025,Certified
SUP-1179,Vendor_179,IT Services,APAC,170.15,187.16,41.28,1,04-07-2025,Certified
SUP-1180,Vendor_180,IT Services,EMEA,118.79,74.94,46.07,0,30-01-2026,Certified
SUP-1181,Vendor_181,Energy,NA,76189.13,8680.24,,0,08-01-2026,Certified
SUP-1182,Vendor_182,Healthcare,LATAM,1033.51,1219.05,34.46,1,28-07-2025,Certified
SUP-1183,Vendor_183,Consumer Goods,LATAM,3654.68,3810.49,34.65,0,11-01-2026,Certified
SUP-1184,Vendor_184,Energy,LATAM,41870.99,8933.96,10.95,0,16-12-2025,Certified
SUP-1185,Vendor_185,Energy,APAC,69781.97,13952.64,8.34,1,02-11-2025,Certified
SUP-1186,Vendor_186,Manufacturing,APAC,5751.38,6369.13,17.43,1,28-12-2025,Certified
SUP-1187,Vendor_187,Consumer Goods,NA,1985.61,3457.31,35.99,1,26-03-2025,Certified
SUP-1188,Vendor_188,Manufacturing,NA,10902.31,4165.84,11.37,1,28-07-2025,Certified
SUP-1189,Vendor_189,Manufacturing,APAC,14502.37,4676.03,12.78,3,23-09-2025,Certified
SUP-1190,Vendor_190,IT Services,NA,363.51,153.84,47.74,0,08-11-2025,Certified
SUP-1191,Vendor_191,IT Services,EMEA,295.77,83.18,49.82,1,19-07-2025,Certified
SUP-1192,Vendor_192,Healthcare,EMEA,1558.36,1425.25,32.71,2,09-12-2025,Certified
SUP-1193,Vendor_193,Energy,APAC,81845.22,9460.24,,5,11-05-2025,Certified
SUP-1194,Vendor_194,Healthcare,EMEA,1743.37,537.01,38.94,0,14-09-2025,Certified
SUP-1195,Vendor_195,IT Services,APAC,148.23,61.54,,1,15-02-2026,Certified
SUP-1196,Vendor_196,IT Services,APAC,126.14,97.29,43.09,1,12-09-2025,Certified
SUP-1197,Vendor_197,Energy,LATAM,77553.48,18289.67,11.16,0,24-02-2025,Certified
SUP-1198,Vendor_198,IT Services,EMEA,109.76,180.51,35.32,5,27-03-2025,Certified
SUP-1199,Vendor_199,IT Services,LATAM,406.88,110.29,42.2,4,03-11-2025,Certified
SUP-1200,Vendor_200,Energy,NA,65281.42,16063.73,7.39,0,15-10-2025,Certified
SUP-1201,Vendor_201,Consumer Goods,LATAM,2418.49,1861.72,25.93,0,11-04-2025,Certified
SUP-1202,Vendor_202,Consumer Goods,NA,1168.37,1053.62,39.75,1,26-05-2025,Certified
SUP-1203,Vendor_203,Consumer Goods,LATAM,3718.59,1654.76,39,1,04-03-2025,Certified
SUP-1204,Vendor_204,Manufacturing,NA,9175.81,7274.71,24.17,1,23-07-2025,Certified
SUP-1205,Vendor_205,Manufacturing,APAC,6670.34,7947.01,13.48,3,31-12-2025,Certified
SUP-1206,Vendor_206,Consumer Goods,NA,1922.68,1529.58,,0,06-07-2025,Certified
SUP-1207,Vendor_207,Manufacturing,LATAM,12795.84,4100.75,10.87,4,19-05-2025,Certified
SUP-1208,Vendor_208,Consumer Goods,LATAM,2584.97,3274.72,33.92,0,10-05-2025,Certified
SUP-1209,Vendor_209,Energy,NA,88949.99,8366.61,7.24,2,12-01-2026,Certified
SUP-1210,Vendor_210,Healthcare,NA,637.23,1377.46,33.98,0,19-02-2025,Certified
SUP-1211,Vendor_211,Manufacturing,NA,13887.48,7733.91,,2,24-02-2025,Certified
SUP-1212,Vendor_212,Manufacturing,NA,5869.87,4450.72,15.59,0,20-08-2025,Certified
SUP-1213,Vendor_213,Healthcare,LATAM,1585.13,995.88,31.22,0,10-07-2025,Certified
SUP-1214,Vendor_214,Healthcare,EMEA,1524.89,576.13,42.77,1,05-02-2026,Certified
SUP-1215,Vendor_215,IT Services,LATAM,336.96,173.7,40.22,2,28-11-2025,Certified
SUP-1216,Vendor_216,Healthcare,EMEA,1817.94,1297.43,39.88,5,20-03-2025,Certified
SUP-1217,Vendor_217,Healthcare,EMEA,1427.92,1252.72,32.38,2,23-10-2025,Certified
SUP-1218,Vendor_218,IT Services,LATAM,430.33,69.33,40.03,1,28-06-2025,Certified
SUP-1219,Vendor_219,Healthcare,APAC,1726.95,1332.13,37.61,0,21-05-2025,Certified
SUP-1220,Vendor_220,Consumer Goods,APAC,2148.15,2850.78,39.62,1,09-11-2025,Certified
SUP-1221,Vendor_221,Consumer Goods,EMEA,3536.02,2619.96,35.6,0,06-08-2025,Certified
SUP-1222,Vendor_222,Manufacturing,APAC,12610.28,5247.6,24.44,1,22-09-2025,Certified
SUP-1223,Vendor_223,IT Services,APAC,472.81,65.38,49.06,1,18-12-2025,Certified
SUP-1224,Vendor_224,Consumer Goods,EMEA,2203.85,3124.52,21.35,1,07-02-2026,Certified
SUP-1225,Vendor_225,Healthcare,LATAM,1431.37,545.74,43.07,3,17-12-2025,Certified
SUP-1226,Vendor_226,Healthcare,NA,1637.39,524.59,30.33,1,11-05-2025,Certified
SUP-1227,Vendor_227,Manufacturing,NA,12704.07,6099.77,16.69,0,21-01-2026,Certified
SUP-1228,Vendor_228,Manufacturing,LATAM,14971.25,4557.09,16.77,0,24-09-2025,Certified
SUP-1229,Vendor_229,Healthcare,LATAM,1692.21,1193.68,33.31,0,30-12-2025,Certified
SUP-1230,Vendor_230,Healthcare,APAC,1520.75,1154.51,34.1,1,11-08-2025,Certified
SUP-1231,Vendor_231,IT Services,NA,272.93,191.54,41.3,1,28-06-2025,Certified
SUP-1232,Vendor_232,Consumer Goods,LATAM,2096.86,3951.93,28.19,1,02-08-2025,Certified
SUP-1233,Vendor_233,Manufacturing,NA,7131.05,2186.8,19.78,2,20-04-2025,Certified
SUP-1234,Vendor_234,Consumer Goods,LATAM,4872.77,1556.58,37.37,4,25-07-2025,Certified
SUP-1235,Vendor_235,IT Services,APAC,152.5,54.88,48.81,2,01-05-2025,Certified
SUP-1236,Vendor_236,Energy,EMEA,47038.49,6877.79,11.86,1,30-08-2025,Certified
SUP-1237,Vendor_237,IT Services,NA,296.64,59.63,43.73,0,11-05-2025,Certified
SUP-1238,Vendor_238,IT Services,NA,419.02,96.55,41.83,0,14-07-2025,Certified
SUP-1239,Vendor_239,Energy,EMEA,44346.81,10887.4,9.8,1,03-07-2025,Certified
SUP-1240,Vendor_240,Energy,NA,81698.91,17901.84,12.8,0,06-12-2025,Certified
SUP-1241,Vendor_241,IT Services,APAC,292.2,65.74,38.63,1,10-05-2025,Certified
SUP-1242,Vendor_242,Manufacturing,LATAM,9988.88,5708.93,20.54,1,01-11-2025,Certified
SUP-1243,Vendor_243,IT Services,APAC,230.58,127.66,36.32,1,30-12-2025,Certified
SUP-1244,Vendor_244,Healthcare,EMEA,617.87,896.92,31.99,3,26-08-2025,Certified
SUP-1245,Vendor_245,Energy,APAC,50048.95,6568.52,11.36,1,02-09-2025,Certified
SUP-1246,Vendor_246,Consumer Goods,LATAM,4744.85,1155.91,30.83,4,07-04-2025,Certified
SUP-1247,Vendor_247,Manufacturing,APAC,13148.25,2480.69,23.42,2,19-09-2025,Certified
SUP-1248,Vendor_248,Consumer Goods,APAC,3574.31,2579.21,34.63,0,08-08-2025,Certified
SUP-1249,Vendor_249,Energy,NA,43621.13,8706.55,6.6,1,26-08-2025,Certified
SUP-1250,Vendor_250,Energy,LATAM,98551.92,10053.44,6.82,2,08-12-2025,Certified
SUP-1251,Vendor_251,Energy,NA,73321.81,15788.03,7.28,3,02-06-2025,Certified
SUP-1252,Vendor_252,Healthcare,EMEA,1520.34,572.2,30.46,0,09-12-2025,Certified
SUP-1253,Vendor_253,IT Services,EMEA,285.05,180.24,45.91,2,21-12-2025,Certified
SUP-1254,Vendor_254,Manufacturing,EMEA,8710.39,7925.9,10.6,2,01-07-2025,Certified
SUP-1255,Vendor_255,Healthcare,APAC,1587.89,986.67,43.1,2,26-08-2025,Certified
SUP-1256,Vendor_256,Energy,LATAM,75541.02,18685.45,7.11,2,13-09-2025,Certified
SUP-1257,Vendor_257,IT Services,EMEA,152.63,157.37,,0,12-08-2025,Certified
SUP-1258,Vendor_258,Healthcare,NA,856.31,1471.4,32.71,2,14-11-2025,Certified
SUP-1259,Vendor_259,IT Services,NA,448.3,116.8,,1,23-09-2025,Certified
SUP-1260,Vendor_260,Manufacturing,EMEA,6635.24,4346.49,24.54,0,28-11-2025,Certified
SUP-1261,Vendor_261,Healthcare,NA,1485.1,825.19,,0,14-01-2026,Certified
SUP-1262,Vendor_262,Manufacturing,NA,14698.21,4722.74,13.54,0,01-09-2025,Certified
SUP-1263,Vendor_263,IT Services,EMEA,167.9,127.97,40.06,2,24-11-2025,Certified
SUP-1264,Vendor_264,Manufacturing,NA,11171.45,6240.66,12.51,0,01-02-2026,Certified
SUP-1265,Vendor_265,Manufacturing,LATAM,5366.71,6418.41,19.96,3,29-03-2025,Certified
SUP-1266,Vendor_266,Consumer Goods,APAC,4473.09,1617.52,22.24,0,30-08-2025,Certified
SUP-1267,Vendor_267,Healthcare,EMEA,585.63,1031.17,44.05,0,23-06-2025,Certified
SUP-1268,Vendor_268,IT Services,LATAM,148.84,117.83,49.01,1,18-02-2025,Certified
SUP-1269,Vendor_269,Energy,APAC,42494.37,7225.15,14.87,1,28-02-2025,Certified
SUP-1270,Vendor_270,Consumer Goods,APAC,4807.25,2917.36,37.36,1,28-07-2025,Certified
SUP-1271,Vendor_271,Consumer Goods,APAC,2955.39,3000.59,22.79,0,10-12-2025,Certified
SUP-1272,Vendor_272,IT Services,APAC,223.17,155.7,38.03,2,19-07-2025,Certified
SUP-1273,Vendor_273,IT Services,APAC,369.04,116.56,48.02,0,05-07-2025,Certified
SUP-1274,Vendor_274,Manufacturing,NA,11926.26,7028.69,24.17,2,01-10-2025,Certified
SUP-1275,Vendor_275,Consumer Goods,APAC,4475.62,2711.83,20.61,3,28-07-2025,Certified
SUP-1276,Vendor_276,Manufacturing,LATAM,11588.85,4363.19,19.77,0,22-04-2025,Certified
SUP-1277,Vendor_277,Healthcare,LATAM,1486.77,1499.41,30.72,3,04-06-2025,Certified
SUP-1278,Vendor_278,Manufacturing,NA,10670.16,6430.7,23.18,1,28-09-2025,Certified
SUP-1279,Vendor_279,IT Services,NA,367.04,171.18,46.43,2,08-01-2026,Certified
SUP-1280,Vendor_280,IT Services,NA,148.08,131.67,35.09,1,03-07-2025,Certified
SUP-1281,Vendor_281,Consumer Goods,LATAM,2584.69,3086.4,27.77,1,27-02-2025,Certified
SUP-1282,Vendor_282,IT Services,LATAM,249.3,84.09,36.1,2,06-06-2025,Certified
SUP-1283,Vendor_283,Energy,EMEA,67809.64,10696.79,13.63,1,08-01-2026,Certified
SUP-1284,Vendor_284,Energy,APAC,41538.52,10118.72,8.8,1,04-01-2026,Certified
SUP-1285,Vendor_285,IT Services,LATAM,313.44,141.19,46.47,3,02-06-2025,Certified
SUP-1286,Vendor_286,Healthcare,LATAM,793.67,507.56,39.71,1,02-12-2025,Certified
SUP-1287,Vendor_287,Energy,EMEA,95622.07,5904.01,14.34,1,29-10-2025,Certified
SUP-1288,Vendor_288,Consumer Goods,EMEA,2943.49,1770.33,25.7,1,05-03-2025,Certified
SUP-1289,Vendor_289,IT Services,EMEA,315.66,96.7,44.16,1,02-04-2025,Certified
SUP-1290,Vendor_290,IT Services,APAC,265.42,68.28,37.72,1,31-08-2025,Certified
SUP-1291,Vendor_291,Consumer Goods,APAC,31006.54,3127.14,22.14,1,20-03-2025,Certified
SUP-1292,Vendor_292,Energy,APAC,97775.61,12253.18,13.06,1,05-10-2025,Certified
SUP-1293,Vendor_293,Healthcare,EMEA,1449.73,1451.4,39.02,2,27-01-2026,Certified
SUP-1294,Vendor_294,IT Services,NA,184.82,141.65,41.17,2,15-02-2026,Certified
SUP-1295,Vendor_295,Energy,APAC,54212.23,16707.88,7.75,2,23-01-2026,Certified
SUP-1296,Vendor_296,Consumer Goods,LATAM,1382.14,2871.58,29.04,1,14-06-2025,Certified
SUP-1297,Vendor_297,Manufacturing,NA,12368.74,7176.78,13.25,0,11-12-2025,Certified
SUP-1298,Vendor_298,Healthcare,LATAM,535.46,1141.97,39.11,1,14-03-2025,Certified
SUP-1299,Vendor_299,Manufacturing,EMEA,8909.06,5566.86,,1,27-02-2025,Certified
SUP-1300,Vendor_300,Energy,NA,81708.67,11064.78,9.28,3,07-01-2026,Certified
SUP-1301,Vendor_301,Healthcare,LATAM,656.16,1224.34,,0,01-09-2025,Certified
SUP-1302,Vendor_302,Consumer Goods,APAC,1317.68,1256.97,37.88,0,28-03-2025,Certified
SUP-1303,Vendor_303,Manufacturing,EMEA,8233.72,3359.94,15.32,0,15-08-2025,Certified
SUP-1304,Vendor_304,IT Services,APAC,307.62,60.14,47.01,0,11-07-2025,Certified
SUP-1305,Vendor_305,Consumer Goods,EMEA,3160.05,3640.24,33.02,1,17-06-2025,Certified
SUP-1306,Vendor_306,IT Services,APAC,233.2,150.42,49.91,2,18-07-2025,Certified
SUP-1307,Vendor_307,Healthcare,LATAM,1197.81,560.14,38.43,1,10-12-2025,Certified
SUP-1308,Vendor_308,Consumer Goods,EMEA,3760.02,1602.8,30.72,0,30-10-2025,Certified
SUP-1309,Vendor_309,Manufacturing,LATAM,95037.09,6536.98,15.21,3,10-04-2025,Certified
SUP-1310,Vendor_310,Energy,LATAM,63958.95,7286.24,14.92,3,05-09-2025,Certified
SUP-1311,Vendor_311,Consumer Goods,NA,3494.34,1267.37,,0,08-08-2025,Certified
SUP-1312,Vendor_312,IT Services,LATAM,4304.27,167.3,,0,27-02-2025,Certified
SUP-1313,Vendor_313,IT Services,APAC,221.25,89.47,,0,12-11-2025,Certified
SUP-1314,Vendor_314,Healthcare,NA,1905.44,1053.8,34.58,1,09-01-2026,Certified
SUP-1315,Vendor_315,Energy,LATAM,76035.66,12735.19,14.19,3,01-10-2025,Certified
SUP-1316,Vendor_316,Consumer Goods,EMEA,4722.38,1349.1,36.35,2,14-01-2026,Certified
SUP-1317,Vendor_317,Energy,EMEA,88355.52,16850.46,8.05,0,01-07-2025,Certified
SUP-1318,Vendor_318,Energy,APAC,64178.81,7602.87,11.95,2,09-07-2025,Certified
SUP-1319,Vendor_319,IT Services,NA,428.99,69.88,47.93,2,08-10-2025,Certified
SUP-1320,Vendor_320,Energy,NA,85888.59,7622.58,10.03,1,24-03-2025,Certified
SUP-1321,Vendor_321,Healthcare,EMEA,1051.3,568.17,30.39,0,10-07-2025,Certified
SUP-1322,Vendor_322,Manufacturing,APAC,14631.15,5297.18,24.49,1,14-03-2025,Certified
SUP-1323,Vendor_323,Energy,NA,703685.12,11592.68,6.06,1,06-05-2025,Certified
SUP-1324,Vendor_324,Energy,LATAM,77175.28,14753.02,6.52,0,09-07-2025,Certified
SUP-1325,Vendor_325,IT Services,LATAM,4123.05,118.97,35.87,1,15-09-2025,Certified
SUP-1326,Vendor_326,Healthcare,EMEA,1542.55,1483.68,33.59,0,23-06-2025,Certified
SUP-1327,Vendor_327,Manufacturing,EMEA,6213.85,3819.65,11.52,1,15-06-2025,Certified
SUP-1328,Vendor_328,Manufacturing,APAC,10094.22,7980.18,22.21,1,11-09-2025,Certified
SUP-1329,Vendor_329,Consumer Goods,LATAM,3495.58,2581.12,,0,12-09-2025,Certified
SUP-1330,Vendor_330,IT Services,EMEA,454.64,117.47,37.92,1,22-06-2025,Certified
SUP-1331,Vendor_331,Consumer Goods,EMEA,4310.15,3200.84,35.39,0,08-07-2025,Certified
SUP-1332,Vendor_332,Manufacturing,APAC,9161.54,4888.06,10.29,0,20-01-2026,Certified
SUP-1333,Vendor_333,Energy,NA,85617.39,7056.65,10.35,0,11-10-2025,Certified
SUP-1334,Vendor_334,Healthcare,EMEA,518.18,741.2,44.64,3,12-08-2025,Certified
SUP-1335,Vendor_335,Healthcare,APAC,1321.94,954.38,42.67,0,22-06-2025,Certified
SUP-1336,Vendor_336,Healthcare,EMEA,1232.36,650.05,34.87,2,06-10-2025,Certified
SUP-1337,Vendor_337,Healthcare,NA,1091.71,959.45,41.78,3,03-12-2025,Certified
SUP-1338,Vendor_338,Healthcare,NA,1532.2,937.6,33.82,1,22-01-2026,Certified
SUP-1339,Vendor_339,Manufacturing,APAC,14017.62,4768.86,19.56,3,08-08-2025,Certified
SUP-1340,Vendor_340,Energy,NA,43999.12,12776.12,6.5,2,04-08-2025,Certified
SUP-1341,Vendor_341,IT Services,NA,116.67,62.72,45.74,0,22-04-2025,Certified
SUP-1342,Vendor_342,Manufacturing,NA,5712.57,2072.65,24.35,1,14-10-2025,Certified
SUP-1343,Vendor_343,Manufacturing,EMEA,7965.36,4098.22,21.62,1,20-01-2026,Certified
SUP-1344,Vendor_344,Healthcare,LATAM,761.16,598.4,39.9,1,01-10-2025,Certified
SUP-1345,Vendor_345,Manufacturing,APAC,5209.45,2493.03,24.52,0,06-09-2025,Certified
SUP-1346,Vendor_346,Energy,NA,86153.39,14369.95,8.82,0,01-06-2025,Certified
SUP-1347,Vendor_347,Healthcare,NA,682.08,1115.01,41.62,2,09-09-2025,Certified
SUP-1348,Vendor_348,Consumer Goods,EMEA,4873.96,3396.14,25.86,3,01-09-2025,Certified
SUP-1349,Vendor_349,IT Services,APAC,424.71,148.47,,2,29-09-2025,Certified
SUP-1350,Vendor_350,Consumer Goods,APAC,2488.67,2296.23,28.79,2,29-01-2026,Certified
SUP-1351,Vendor_351,Energy,APAC,47290.08,7962.06,13.87,1,25-01-2026,Certified
SUP-1352,Vendor_352,Healthcare,LATAM,1723.92,1361.37,42.7,1,06-07-2025,Certified
SUP-1353,Vendor_353,IT Services,EMEA,402.02,119.08,47.63,3,16-12-2025,Certified
SUP-1354,Vendor_354,IT Services,APAC,318.01,197.7,49.06,0,17-02-2025,Certified
SUP-1355,Vendor_355,Consumer Goods,NA,1659.26,1395.19,34.52,1,27-10-2025,Certified
SUP-1356,Vendor_356,Manufacturing,APAC,10058.53,7044.22,,2,06-11-2025,Certified
SUP-1357,Vendor_357,Healthcare,APAC,946.32,1065.02,40.33,3,28-09-2025,Certified
SUP-1358,Vendor_358,IT Services,NA,284.62,51.4,,2,08-07-2025,Certified
SUP-1359,Vendor_359,IT Services,LATAM,260.6,170.01,38.06,2,08-04-2025,Certified
SUP-1360,Vendor_360,Consumer Goods,LATAM,1752.1,2066.15,35.68,1,21-01-2026,Certified
SUP-1361,Vendor_361,IT Services,NA,404.4,55.3,46.19,0,01-01-2026,Certified
SUP-1362,Vendor_362,Consumer Goods,EMEA,4832.29,2103.82,26.54,0,01-06-2025,Certified
SUP-1363,Vendor_363,Healthcare,NA,9584.06,1376.65,44.95,1,07-07-2025,Certified
SUP-1364,Vendor_364,IT Services,APAC,388.83,182.93,43.9,1,05-09-2025,Certified
SUP-1365,Vendor_365,Manufacturing,NA,11956.18,2019.31,19.29,1,06-07-2025,Certified
SUP-1366,Vendor_366,Manufacturing,APAC,5929.91,5529.21,17.21,1,25-08-2025,Certified
SUP-1367,Vendor_367,IT Services,APAC,331.99,134.22,43.41,3,02-04-2025,Certified
SUP-1368,Vendor_368,IT Services,APAC,430.02,124.74,36.16,0,28-02-2025,Certified
SUP-1369,Vendor_369,IT Services,EMEA,233.7,167.73,45.62,2,14-03-2025,Certified
SUP-1370,Vendor_370,Manufacturing,NA,6474.53,3969.16,16.51,0,04-07-2025,Certified
SUP-1371,Vendor_371,IT Services,LATAM,188.24,139.73,46.03,3,29-12-2025,Certified
SUP-1372,Vendor_372,Healthcare,NA,1454.27,1285.65,31.78,2,08-05-2025,Certified
SUP-1373,Vendor_373,Healthcare,NA,1357.81,1087.77,32.77,1,31-01-2026,Certified
SUP-1374,Vendor_374,Manufacturing,APAC,5261.97,2145.15,22.48,0,20-06-2025,Certified
SUP-1375,Vendor_375,Healthcare,LATAM,1277.12,798.73,44.11,0,06-01-2026,Certified
SUP-1376,Vendor_376,Healthcare,NA,11444.85,1372.73,42.63,0,28-07-2025,Certified
SUP-1377,Vendor_377,IT Services,APAC,421.06,118.73,42.24,0,19-02-2025,Certified
SUP-1378,Vendor_378,Consumer Goods,NA,1322.41,3183.82,29.93,2,20-05-2025,Certified
SUP-1379,Vendor_379,IT Services,APAC,163.56,141.53,37.03,3,31-03-2025,Certified
SUP-1380,Vendor_380,Manufacturing,APAC,5570.55,3693.12,13.93,0,07-01-2026,Certified
SUP-1381,Vendor_381,IT Services,APAC,462.5,87.43,39.08,2,10-03-2025,Certified
SUP-1382,Vendor_382,IT Services,NA,126.15,123.14,35.5,0,24-05-2025,Certified
SUP-1383,Vendor_383,Manufacturing,APAC,14064.37,2835.47,17.99,1,16-01-2026,Certified
SUP-1384,Vendor_384,Energy,LATAM,93990,5327.35,11.64,3,29-01-2026,Certified
SUP-1385,Vendor_385,IT Services,EMEA,267.52,89.02,45.96,1,31-05-2025,Certified
SUP-1386,Vendor_386,Energy,APAC,79250.48,7971.46,10.65,2,30-10-2025,Certified
SUP-1387,Vendor_387,Manufacturing,LATAM,8495.06,2684.57,12.27,0,05-09-2025,Certified
SUP-1388,Vendor_388,Healthcare,EMEA,876.45,1350.62,38.42,1,30-07-2025,Certified
SUP-1389,Vendor_389,IT Services,LATAM,4440.56,158.42,36.02,2,16-08-2025,Certified
SUP-1390,Vendor_390,Manufacturing,LATAM,9583.01,4908.18,12.49,3,05-12-2025,Certified
SUP-1391,Vendor_391,Consumer Goods,LATAM,2647.06,2952.92,30.91,0,28-08-2025,Certified
SUP-1392,Vendor_392,Healthcare,EMEA,1268.75,1306.4,36.89,0,30-03-2025,Certified
SUP-1393,Vendor_393,IT Services,NA,414.51,80.2,38.88,0,16-05-2025,Certified
SUP-1394,Vendor_394,Manufacturing,LATAM,8302.15,6540.51,17.79,0,11-06-2025,Certified
SUP-1395,Vendor_395,Energy,EMEA,92669.8,18193.73,13.71,0,10-12-2025,Certified
SUP-1396,Vendor_396,IT Services,LATAM,280.5,197.75,,0,19-11-2025,Certified
SUP-1397,Vendor_397,Consumer Goods,APAC,1260.82,2391.79,38.18,1,20-09-2025,Certified
SUP-1398,Vendor_398,IT Services,NA,142.19,148.52,47.33,1,08-04-2025,Certified
SUP-1399,Vendor_399,IT Services,LATAM,4857.91,80.56,42.85,0,26-05-2025,Certified
SUP-1400,Vendor_400,Healthcare,EMEA,1689.28,1077.59,39.52,2,04-05-2025,Certified
SUP-1401,Vendor_401,Healthcare,EMEA,1299.54,657.95,40.44,1,03-02-2026,Certified
SUP-1402,Vendor_402,Consumer Goods,APAC,4428.72,3718.43,25.54,1,20-11-2025,Certified
SUP-1403,Vendor_403,IT Services,EMEA,180.81,77.63,48.41,1,17-11-2025,Certified
SUP-1404,Vendor_404,Energy,NA,66419.41,14229.47,5.83,4,25-06-2025,Certified
SUP-1405,Vendor_405,IT Services,APAC,493.64,150.19,44.52,0,03-02-2026,Certified
SUP-1406,Vendor_406,Manufacturing,EMEA,13819.28,4564.94,12.43,0,17-12-2025,Certified
SUP-1407,Vendor_407,Consumer Goods,NA,3239.02,2582.2,34.39,1,02-12-2025,Certified
SUP-1408,Vendor_408,IT Services,APAC,392.6,78.11,,3,12-11-2025,Certified
SUP-1409,Vendor_409,Manufacturing,APAC,9711.68,6929.82,16.89,1,30-08-2025,Certified
SUP-1410,Vendor_410,Energy,NA,89694.96,10028.12,6.74,2,14-09-2025,Certified
SUP-1411,Vendor_411,Manufacturing,EMEA,7398.74,2851.83,15.22,2,15-06-2025,Certified
SUP-1412,Vendor_412,Energy,NA,77255.71,10285.62,13.41,2,21-11-2025,Certified
SUP-1413,Vendor_413,Healthcare,NA,689.4,1176.18,34.88,1,13-09-2025,Certified
SUP-1414,Vendor_414,Energy,APAC,50492.89,17836.06,7.27,1,01-06-2025,Certified
SUP-1415,Vendor_415,Healthcare,APAC,1464.32,1194.15,37.69,1,03-12-2025,Certified
SUP-1416,Vendor_416,Consumer Goods,APAC,11327.57,1911.84,33.06,5,25-08-2025,Certified
SUP-1417,Vendor_417,Healthcare,EMEA,1860.79,1170.73,38.41,0,24-09-2025,Certified
SUP-1418,Vendor_418,Manufacturing,LATAM,9470.56,4762.15,22.97,1,28-11-2025,Certified
SUP-1419,Vendor_419,Consumer Goods,APAC,4907.2,1332.16,28.45,0,21-10-2025,Certified
SUP-1420,Vendor_420,Energy,APAC,84394.25,18771.15,7.8,1,27-03-2025,Certified
SUP-1421,Vendor_421,Consumer Goods,LATAM,4643.08,3261.89,36.1,0,04-03-2025,Certified
SUP-1422,Vendor_422,Energy,NA,97768.62,15900.06,8.05,1,17-09-2025,Certified
SUP-1423,Vendor_423,Healthcare,APAC,1809.13,612.58,40.56,1,30-05-2025,Certified
SUP-1424,Vendor_424,Healthcare,APAC,862.84,512.4,37.03,1,15-10-2025,Certified
SUP-1425,Vendor_425,Consumer Goods,EMEA,2188.95,1899.76,34.86,0,26-01-2026,Certified
SUP-1426,Vendor_426,Energy,APAC,94173.7,17783.96,11.68,2,27-04-2025,Certified
SUP-1427,Vendor_427,Consumer Goods,NA,1315.88,1718.53,35.89,0,06-04-2025,Certified
SUP-1428,Vendor_428,Healthcare,NA,1374.21,1495.44,42.84,1,27-10-2025,Certified
SUP-1429,Vendor_429,Energy,EMEA,89882.41,13984.68,6.15,0,24-07-2025,Certified
SUP-1430,Vendor_430,Healthcare,NA,1864.44,1169.2,42.44,2,13-10-2025,Certified
SUP-1431,Vendor_431,Healthcare,LATAM,1145.64,816.95,36.52,3,27-01-2026,Certified
SUP-1432,Vendor_432,Manufacturing,LATAM,11070.9,5787.85,18.88,1,03-08-2025,Certified
SUP-1433,Vendor_433,Consumer Goods,EMEA,3049.46,1312.67,27.69,3,08-07-2025,Certified
SUP-1434,Vendor_434,Energy,LATAM,84615.63,12593.99,11.34,0,25-09-2025,Certified
SUP-1435,Vendor_435,Healthcare,APAC,881.59,861.85,,0,10-07-2025,Certified
SUP-1436,Vendor_436,Manufacturing,NA,6400.24,3660.89,24.57,1,19-01-2026,Certified
SUP-1437,Vendor_437,Consumer Goods,EMEA,17843.91,2832.34,25.61,0,11-07-2025,Certified
SUP-1438,Vendor_438,Energy,EMEA,70994.36,5082.59,5.08,0,06-06-2025,Certified
SUP-1439,Vendor_439,Healthcare,NA,555.08,608.03,35.08,2,29-03-2025,Certified
SUP-1440,Vendor_440,Energy,LATAM,57609.33,18976.31,8.97,0,13-09-2025,Certified
SUP-1441,Vendor_441,Consumer Goods,EMEA,34682.66,1341.52,26.9,2,30-03-2025,Certified
SUP-1442,Vendor_442,Consumer Goods,APAC,3809.04,3978.45,22.63,0,25-01-2026,Certified
SUP-1443,Vendor_443,Manufacturing,EMEA,8945.76,4530.97,16.17,3,17-09-2025,Certified
SUP-1444,Vendor_444,IT Services,LATAM,429.52,193.26,47.32,0,24-05-2025,Certified
SUP-1445,Vendor_445,Consumer Goods,EMEA,3545.61,1153.41,25.15,0,07-01-2026,Certified
SUP-1446,Vendor_446,IT Services,NA,341.52,152.99,36.72,1,31-12-2025,Certified
SUP-1447,Vendor_447,Healthcare,APAC,1053.58,621.03,36.28,1,04-02-2026,Certified
SUP-1448,Vendor_448,Healthcare,NA,620.27,854.77,44.13,2,09-03-2025,Certified
SUP-1449,Vendor_449,Healthcare,LATAM,1390.49,510.13,39.54,4,22-02-2025,Certified
SUP-1450,Vendor_450,Energy,APAC,94147.2,5996.66,10.34,0,10-04-2025,Certified
SUP-1451,Vendor_451,Healthcare,LATAM,517.56,922.03,34.43,1,30-05-2025,Certified
SUP-1452,Vendor_452,Manufacturing,EMEA,5437.39,2738.02,,1,03-04-2025,Certified
SUP-1453,Vendor_453,Energy,APAC,79137.5,17684.07,11.92,1,15-11-2025,Certified
SUP-1454,Vendor_454,Healthcare,EMEA,913.07,806.31,41.83,2,31-03-2025,Certified
SUP-1455,Vendor_455,IT Services,EMEA,443.02,187.5,41.46,1,16-05-2025,Certified
SUP-1456,Vendor_456,Manufacturing,APAC,8711.72,5606.45,20.58,1,04-07-2025,Certified
SUP-1457,Vendor_457,Healthcare,LATAM,750.29,930.53,32.14,2,10-08-2025,Certified
SUP-1458,Vendor_458,Consumer Goods,EMEA,1101.79,2937.47,32.74,1,01-11-2025,Certified
SUP-1459,Vendor_459,Consumer Goods,LATAM,2638.52,1933.65,33.54,1,14-04-2025,Certified
SUP-1460,Vendor_460,IT Services,LATAM,187.16,198.21,41.81,1,06-07-2025,Certified
SUP-1461,Vendor_461,Energy,EMEA,69135.38,5413.05,10.05,2,13-01-2026,Certified
SUP-1462,Vendor_462,Healthcare,APAC,546.43,887.99,32.4,0,26-10-2025,Certified
SUP-1463,Vendor_463,Healthcare,APAC,1634.32,958.52,34.34,1,11-03-2025,Certified
SUP-1464,Vendor_464,Healthcare,NA,1933.88,813.97,,3,21-04-2025,Certified
SUP-1465,Vendor_465,Manufacturing,EMEA,146113.55,4336.89,,1,20-12-2025,Certified
SUP-1466,Vendor_466,Consumer Goods,APAC,1616.58,2661.13,30.83,2,16-04-2025,Certified
SUP-1467,Vendor_467,Consumer Goods,LATAM,2209.33,1778,23.89,0,17-12-2025,Certified
SUP-1468,Vendor_468,Consumer Goods,LATAM,2369.79,1810.74,39.33,1,06-06-2025,Certified
SUP-1469,Vendor_469,Healthcare,APAC,1370.7,639.2,36.66,2,24-09-2025,Certified
SUP-1470,Vendor_470,Manufacturing,LATAM,14938.48,7281.89,19.35,2,30-01-2026,Certified
SUP-1471,Vendor_471,Manufacturing,EMEA,8951.38,2236.76,17.13,1,05-06-2025,Certified
SUP-1472,Vendor_472,Consumer Goods,APAC,4856.12,3728.36,34.44,2,11-05-2025,Certified
SUP-1473,Vendor_473,IT Services,NA,416.2,68.72,46.91,0,03-06-2025,Certified
SUP-1474,Vendor_474,Consumer Goods,APAC,4508.36,3832.13,22.98,2,08-02-2026,Certified
SUP-1475,Vendor_475,Healthcare,EMEA,1795.32,1088.73,35.63,0,13-08-2025,Certified
SUP-1476,Vendor_476,Manufacturing,EMEA,7032.23,6570.79,15.8,1,16-09-2025,Certified
SUP-1477,Vendor_477,Manufacturing,LATAM,10772.79,7193.46,24.71,2,21-07-2025,Certified
SUP-1478,Vendor_478,Manufacturing,EMEA,10735.29,7736.28,13.01,0,26-03-2025,Certified
SUP-1479,Vendor_479,Energy,EMEA,91237.72,11587.25,13.47,1,22-06-2025,Certified
SUP-1480,Vendor_480,Healthcare,APAC,1825.2,948.32,37.66,2,24-12-2025,Certified
SUP-1481,Vendor_481,Healthcare,NA,1215.27,1187.72,40.84,1,17-01-2026,Certified
SUP-1482,Vendor_482,Healthcare,NA,9490.93,858.72,42.07,0,14-04-2025,Certified
SUP-1483,Vendor_483,Consumer Goods,EMEA,1842.82,3872.34,20.18,3,27-11-2025,Certified
SUP-1484,Vendor_484,IT Services,LATAM,105.73,160.68,47.51,1,16-11-2025,Certified
SUP-1485,Vendor_485,Manufacturing,NA,12534.28,6613.54,19.88,3,04-05-2025,Certified
SUP-1486,Vendor_486,IT Services,LATAM,295.05,61.65,41.11,1,16-02-2025,Certified
SUP-1487,Vendor_487,IT Services,EMEA,239.53,66.65,47.12,1,04-05-2025,Certified
SUP-1488,Vendor_488,IT Services,EMEA,482.05,128.39,39.49,0,17-09-2025,Certified
SUP-1489,Vendor_489,Manufacturing,LATAM,10006.24,6767.09,20.61,0,16-05-2025,Certified
SUP-1490,Vendor_490,Energy,LATAM,44374.11,11043.1,7.95,0,11-12-2025,Certified
SUP-1491,Vendor_491,Healthcare,NA,921.51,1303.48,43.94,2,16-09-2025,Certified
SUP-1492,Vendor_492,IT Services,EMEA,290.57,83.9,44.61,2,12-06-2025,Certified
SUP-1493,Vendor_493,Manufacturing,LATAM,11478.17,2737.52,23.33,1,11-02-2026,Certified
SUP-1494,Vendor_494,Consumer Goods,LATAM,3343.46,2874.35,21.44,1,15-09-2025,Certified
SUP-1495,Vendor_495,IT Services,APAC,385.58,173.38,47.06,1,22-11-2025,Certified
SUP-1496,Vendor_496,Energy,NA,48572.56,16630.19,7.71,1,07-05-2025,Certified
SUP-1497,Vendor_497,Consumer Goods,LATAM,1535.31,2888.67,21.09,1,26-10-2025,Certified
SUP-1498,Vendor_498,IT Services,LATAM,100.05,126.67,35.7,0,06-12-2025,Certified
SUP-1499,Vendor_499,Energy,APAC,82418.59,5940.34,13.39,0,08-07-2025,Certified
SUP-1500,Vendor_500,Manufacturing,NA,7468.24,6445.42,14.74,0,01-01-2026,Certified
SUP-1501,Vendor_501,Energy,EMEA,61614.04,9055.9,13.43,1,25-02-2025,Certified
SUP-1502,Vendor_502,Energy,NA,93512.33,11507.26,14.1,2,09-05-2025,Certified
SUP-1503,Vendor_503,IT Services,LATAM,374.81,124.07,40.81,2,22-09-2025,Certified
SUP-1504,Vendor_504,Consumer Goods,APAC,1667.81,3139.14,33.33,4,17-11-2025,Certified
SUP-1505,Vendor_505,Energy,APAC,46321.9,16727.36,11.44,0,04-01-2026,Certified
SUP-1506,Vendor_506,Consumer Goods,NA,2440.2,3870.4,30.01,1,01-08-2025,Certified
SUP-1507,Vendor_507,Healthcare,NA,813.32,868.71,35.55,0,19-11-2025,Certified
SUP-1508,Vendor_508,Healthcare,LATAM,1651.35,916.5,42.33,1,25-08-2025,Certified
SUP-1509,Vendor_509,Manufacturing,LATAM,11573.53,4833.69,23.2,0,02-08-2025,Certified
SUP-1510,Vendor_510,Manufacturing,APAC,11778.13,5646.51,14.43,0,14-03-2025,Certified
SUP-1511,Vendor_511,Healthcare,APAC,1477.46,1238.6,34.73,1,27-11-2025,Certified
SUP-1512,Vendor_512,Consumer Goods,EMEA,3852.83,1597.65,37.8,0,10-03-2025,Certified
SUP-1513,Vendor_513,Manufacturing,LATAM,8677.86,2348.55,11.67,1,11-11-2025,Certified
SUP-1514,Vendor_514,Healthcare,EMEA,1753.22,514.69,35.69,1,25-04-2025,Certified
SUP-1515,Vendor_515,Healthcare,APAC,686.55,913.64,37.39,1,29-07-2025,Certified
SUP-1516,Vendor_516,Consumer Goods,APAC,3380.53,1029.77,29.28,3,22-11-2025,Certified
SUP-1517,Vendor_517,Energy,LATAM,86439.48,16593.82,10.21,1,07-08-2025,Certified
SUP-1518,Vendor_518,Healthcare,APAC,525.42,1270.16,42.11,0,10-05-2025,Certified
SUP-1519,Vendor_519,Healthcare,APAC,898.37,517.55,,2,01-04-2025,Certified
SUP-1520,Vendor_520,Manufacturing,EMEA,8717.39,2008.12,14.5,3,14-08-2025,Certified
SUP-1521,Vendor_521,Healthcare,EMEA,1847.84,1283.2,41.71,1,24-03-2025,Certified
SUP-1522,Vendor_522,Energy,NA,58174.94,5985.42,7.28,0,29-08-2025,Certified
SUP-1523,Vendor_523,Manufacturing,NA,9840.77,6484.67,17.11,0,03-05-2025,Certified
SUP-1524,Vendor_524,Consumer Goods,NA,4831.16,3828.17,35.7,3,01-05-2025,Certified
SUP-1525,Vendor_525,IT Services,NA,2462.72,83.81,,0,18-08-2025,Certified
SUP-1526,Vendor_526,Healthcare,LATAM,1433.62,1281.32,38.67,0,02-03-2025,Certified
SUP-1527,Vendor_527,Consumer Goods,NA,4244.5,2907.86,27.76,1,07-12-2025,Certified
SUP-1528,Vendor_528,Healthcare,APAC,1017.79,1417.49,34.36,2,03-12-2025,Certified
SUP-1529,Vendor_529,Energy,APAC,43732.19,7209.55,5.08,1,02-03-2025,Certified
SUP-1530,Vendor_530,IT Services,EMEA,153.71,193.69,,0,23-07-2025,Certified
SUP-1531,Vendor_531,Consumer Goods,APAC,3002.41,3038.86,21.52,0,02-11-2025,Certified
SUP-1532,Vendor_532,IT Services,LATAM,422.79,118.95,43.2,1,22-10-2025,Certified
SUP-1533,Vendor_533,Energy,LATAM,49944.99,11683.12,7.09,0,01-07-2025,Certified
SUP-1534,Vendor_534,IT Services,NA,437.46,197.18,46.9,1,12-05-2025,Certified
SUP-1535,Vendor_535,Manufacturing,LATAM,14606.27,3181.55,24.27,4,12-08-2025,Certified
SUP-1536,Vendor_536,IT Services,NA,274.8,139.03,36.1,2,05-11-2025,Certified
SUP-1537,Vendor_537,Energy,LATAM,87555.71,18618.48,14.44,4,12-09-2025,Certified
SUP-1538,Vendor_538,Manufacturing,NA,9769,6309.99,13.71,2,13-05-2025,Certified
SUP-1539,Vendor_539,Healthcare,APAC,1347.63,1271.63,37.48,0,14-09-2025,Certified
SUP-1540,Vendor_540,IT Services,LATAM,103.62,103.55,48.89,0,16-08-2025,Certified
SUP-1541,Vendor_541,Healthcare,NA,1451.55,722.08,34.83,2,03-05-2025,Certified
SUP-1542,Vendor_542,Healthcare,EMEA,1143.05,529.17,37.21,1,03-06-2025,Certified
SUP-1543,Vendor_543,Manufacturing,LATAM,7888.85,4387.02,23.79,1,30-11-2025,Certified
SUP-1544,Vendor_544,Healthcare,LATAM,1641.51,871.72,35.89,4,12-01-2026,Certified
SUP-1545,Vendor_545,Healthcare,LATAM,1681.32,751,38.46,1,24-04-2025,Certified
SUP-1546,Vendor_546,Energy,NA,54423.93,7873.89,14.18,0,08-01-2026,Certified
SUP-1547,Vendor_547,Consumer Goods,NA,3023.83,1662.56,20.78,0,01-10-2025,Certified
SUP-1548,Vendor_548,IT Services,APAC,170.09,180.02,39.24,2,07-11-2025,Certified
SUP-1549,Vendor_549,IT Services,EMEA,332.04,127.5,46.38,0,09-06-2025,Certified
SUP-1550,Vendor_550,Manufacturing,NA,8530.5,0,24.2,2,07-06-2025,Certified
SUP-1551,Vendor_551,Consumer Goods,EMEA,2905.34,2492.62,24.09,1,10-02-2026,Certified
SUP-1552,Vendor_552,Consumer Goods,EMEA,2326.26,3565.09,24.14,0,29-07-2025,Certified
SUP-1553,Vendor_553,Healthcare,EMEA,603.51,1440.78,37.6,2,16-11-2025,Certified
SUP-1554,Vendor_554,Consumer Goods,APAC,2328.76,3080.85,35.42,1,03-09-2025,Certified
SUP-1555,Vendor_555,Healthcare,APAC,1813.82,1039.09,34.24,1,01-04-2025,Certified
SUP-1556,Vendor_556,Energy,APAC,47672.01,16483.2,5,1,10-04-2025,Certified
SUP-1557,Vendor_557,Consumer Goods,LATAM,1218.54,3919.23,24.52,1,27-06-2025,Certified
SUP-1558,Vendor_558,Energy,LATAM,538250,5022.11,12.29,1,24-10-2025,Certified
SUP-1559,Vendor_559,Manufacturing,LATAM,116304.72,6451.38,22.73,1,31-07-2025,Certified
SUP-1560,Vendor_560,IT Services,APAC,230.12,156.89,47.25,0,19-05-2025,Certified
SUP-1561,Vendor_561,Energy,NA,62256.46,18529.1,13.07,2,03-01-2026,Certified
SUP-1562,Vendor_562,Manufacturing,EMEA,10906.38,5966.09,11.18,2,28-01-2026,Certified
SUP-1563,Vendor_563,Healthcare,NA,1670.95,1083.77,,0,10-01-2026,Certified
SUP-1564,Vendor_564,Energy,LATAM,55919.57,14023.31,7.97,2,09-02-2026,Certified
SUP-1565,Vendor_565,Healthcare,LATAM,1270.78,1008.89,35.54,4,24-12-2025,Certified
SUP-1566,Vendor_566,IT Services,NA,468.4,154.19,45.93,1,26-12-2025,Certified
SUP-1567,Vendor_567,Manufacturing,APAC,13070.71,0,15.18,2,19-03-2025,Certified
SUP-1568,Vendor_568,Manufacturing,EMEA,12011.7,6362.34,18.43,2,18-07-2025,Certified
SUP-1569,Vendor_569,Healthcare,EMEA,744.55,1286.21,,1,12-05-2025,Certified
SUP-1570,Vendor_570,IT Services,NA,435.6,51.71,45.56,2,05-02-2026,Certified
SUP-1571,Vendor_571,IT Services,EMEA,381.95,172.57,43.2,1,22-07-2025,Certified
SUP-1572,Vendor_572,Energy,APAC,70287.74,15776.81,13.63,0,08-04-2025,Certified
SUP-1573,Vendor_573,Manufacturing,LATAM,13000.03,5316.24,,0,13-08-2025,Certified
SUP-1574,Vendor_574,IT Services,LATAM,446.12,73.59,39.65,0,03-02-2026,Certified
SUP-1575,Vendor_575,Consumer Goods,APAC,4485.66,3018.11,35.93,0,20-08-2025,Certified
SUP-1576,Vendor_576,Manufacturing,NA,11248.74,5430.48,22.49,1,08-02-2026,Certified
SUP-1577,Vendor_577,Manufacturing,APAC,11740.2,2311.01,18.23,0,30-09-2025,Certified
SUP-1578,Vendor_578,Manufacturing,EMEA,8067.77,4117.75,19.32,1,10-08-2025,Certified
SUP-1579,Vendor_579,IT Services,NA,261.81,60.25,,0,10-05-2025,Certified
SUP-1580,Vendor_580,Energy,NA,65966.01,15281.66,8.32,0,07-06-2025,Certified
SUP-1581,Vendor_581,IT Services,APAC,249.57,191.67,44.63,2,03-02-2026,Certified
SUP-1582,Vendor_582,IT Services,NA,267.33,162.64,36.52,0,04-04-2025,Certified
SUP-1583,Vendor_583,Healthcare,APAC,914.48,932.02,44.71,0,31-08-2025,Certified
SUP-1584,Vendor_584,Consumer Goods,APAC,3074.8,1538.09,39.41,0,30-01-2026,Certified
SUP-1585,Vendor_585,Healthcare,NA,1105.4,1237.88,40.57,1,31-08-2025,Certified
SUP-1586,Vendor_586,Energy,LATAM,63856.74,8964.14,7.05,1,06-06-2025,Certified
SUP-1587,Vendor_587,IT Services,LATAM,214.98,148.51,49.53,1,06-10-2025,Certified
SUP-1588,Vendor_588,Consumer Goods,LATAM,1302.33,3854.27,25.95,0,20-11-2025,Certified
SUP-1589,Vendor_589,Energy,NA,75942.68,14354.73,11.49,0,07-11-2025,Certified
SUP-1590,Vendor_590,Healthcare,APAC,522.67,1465.02,33.76,2,10-08-2025,Certified
SUP-1591,Vendor_591,Manufacturing,NA,8129.07,3626.58,18.97,2,05-01-2026,Certified
SUP-1592,Vendor_592,Healthcare,LATAM,732.24,1444.74,41.05,1,06-02-2026,Certified
SUP-1593,Vendor_593,IT Services,EMEA,335.03,155.17,45.2,1,25-10-2025,Certified
SUP-1594,Vendor_594,Energy,LATAM,74975.56,8796.52,9.5,3,08-08-2025,Certified
SUP-1595,Vendor_595,Consumer Goods,APAC,3689.84,3931.02,22.04,0,26-12-2025,Certified
SUP-1596,Vendor_596,Manufacturing,EMEA,93358.28,2555.75,21.23,2,03-01-2026,Certified
SUP-1597,Vendor_597,Consumer Goods,APAC,2737.61,3170.34,20.18,2,02-08-2025,Certified
SUP-1598,Vendor_598,Consumer Goods,EMEA,1968.09,3142.16,21.83,0,20-10-2025,Certified
SUP-1599,Vendor_599,Healthcare,NA,1816.21,1238.72,30.21,0,10-09-2025,Certified
SUP-1600,Vendor_600,Healthcare,EMEA,821.61,770.81,33.71,0,14-04-2025,Certified
SUP-1601,Vendor_601,Energy,EMEA,67536.43,15991,11.07,1,10-05-2025,Certified
SUP-1602,Vendor_602,IT Services,NA,480.6,175.77,47.08,3,02-01-2026,Certified
SUP-1603,Vendor_603,Healthcare,LATAM,1425.18,1242.88,41.07,1,28-01-2026,Certified
SUP-1604,Vendor_604,Manufacturing,NA,8711.13,7524.6,18.77,1,21-09-2025,Certified
SUP-1605,Vendor_605,Consumer Goods,LATAM,2473.8,3686.04,33.33,2,15-12-2025,Certified
SUP-1606,Vendor_606,Energy,APAC,54903.02,15581.91,9.28,1,23-05-2025,Certified
SUP-1607,Vendor_607,Healthcare,NA,1904.42,564.01,42.37,0,03-08-2025,Certified
SUP-1608,Vendor_608,Energy,APAC,66635.17,5328.7,8.01,1,18-01-2026,Certified
SUP-1609,Vendor_609,Manufacturing,APAC,9910.96,7562.66,,2,18-11-2025,Certified
SUP-1610,Vendor_610,Manufacturing,APAC,7602.37,2956.95,12.41,0,08-09-2025,Certified
SUP-1611,Vendor_611,Energy,EMEA,51138.8,14963.29,13.82,2,24-07-2025,Certified
SUP-1612,Vendor_612,Consumer Goods,EMEA,2156.75,1929.42,25,1,14-03-2025,Certified
SUP-1613,Vendor_613,Consumer Goods,LATAM,2427.54,2061.37,36.57,1,20-08-2025,Certified
SUP-1614,Vendor_614,Energy,NA,94827.31,19292.23,8.27,1,31-03-2025,Certified
SUP-1615,Vendor_615,Energy,NA,96467.25,18144.79,6.03,1,14-08-2025,Certified
SUP-1616,Vendor_616,Consumer Goods,APAC,3012.53,1581.59,37.18,4,16-03-2025,Certified
SUP-1617,Vendor_617,Manufacturing,NA,11105.47,2962.19,20.1,0,20-09-2025,Certified
SUP-1618,Vendor_618,Manufacturing,EMEA,11939.5,3377.59,11.76,0,12-03-2025,Certified
SUP-1619,Vendor_619,Consumer Goods,EMEA,1007.97,3156.22,34.65,1,26-03-2025,Certified
SUP-1620,Vendor_620,IT Services,EMEA,133.42,52.87,37.49,1,22-08-2025,Certified
SUP-1621,Vendor_621,Consumer Goods,LATAM,2417.09,1316.04,24.45,2,14-04-2025,Certified
SUP-1622,Vendor_622,Manufacturing,NA,55773.22,4346.2,13.51,0,29-11-2025,Certified
SUP-1623,Vendor_623,Manufacturing,APAC,14598.63,5697.8,18.35,1,12-03-2025,Certified
SUP-1624,Vendor_624,Healthcare,APAC,1311.36,1196.43,40.53,0,18-04-2025,Certified
SUP-1625,Vendor_625,Healthcare,NA,1250.17,911.96,43.06,2,30-09-2025,Certified
SUP-1626,Vendor_626,Manufacturing,LATAM,11056.38,2703.22,15.06,0,07-10-2025,Certified
SUP-1627,Vendor_627,IT Services,LATAM,376.83,80.94,40.88,1,04-04-2025,Certified
SUP-1628,Vendor_628,Energy,LATAM,70468.3,11289.07,5.18,1,08-09-2025,Certified
SUP-1629,Vendor_629,Healthcare,NA,1211.38,1060.68,39.43,1,02-07-2025,Certified
SUP-1630,Vendor_630,Healthcare,LATAM,514.97,1223.44,38.03,3,27-01-2026,Certified
SUP-1631,Vendor_631,IT Services,EMEA,233.45,168.73,41.77,0,02-11-2025,Certified
SUP-1632,Vendor_632,Manufacturing,LATAM,13549.74,7295.36,16.99,0,06-06-2025,Certified
SUP-1633,Vendor_633,IT Services,EMEA,255.13,170.53,48.53,0,01-11-2025,Certified
SUP-1634,Vendor_634,Consumer Goods,EMEA,1267.89,3632.05,27.79,2,04-12-2025,Certified
SUP-1635,Vendor_635,Manufacturing,NA,11483.18,2444.63,15.63,3,29-09-2025,Certified
SUP-1636,Vendor_636,Healthcare,LATAM,981.74,720.11,35.26,1,05-05-2025,Certified
SUP-1637,Vendor_637,Consumer Goods,EMEA,2478.3,2392.72,34.45,2,06-03-2025,Certified
SUP-1638,Vendor_638,Consumer Goods,APAC,1870.67,2985.05,29.68,0,10-04-2025,Certified
SUP-1639,Vendor_639,Energy,EMEA,88269.68,16592.14,10.48,0,31-07-2025,Certified
SUP-1640,Vendor_640,Healthcare,EMEA,16497.73,1083.71,41.73,3,14-01-2026,Certified
SUP-1641,Vendor_641,Manufacturing,APAC,11711.57,5722.84,21.13,0,30-07-2025,Certified
SUP-1642,Vendor_642,Energy,APAC,51698.51,18356.14,12.5,3,07-03-2025,Certified
SUP-1643,Vendor_643,Manufacturing,APAC,13891.28,5472.84,19.49,0,27-06-2025,Certified
SUP-1644,Vendor_644,Manufacturing,NA,97392.12,6298.38,14.06,0,14-06-2025,Certified
SUP-1645,Vendor_645,Energy,LATAM,58829.61,8622.51,7.15,2,09-12-2025,Certified
SUP-1646,Vendor_646,Healthcare,LATAM,781.88,576.97,40.44,2,18-07-2025,Certified
SUP-1647,Vendor_647,Energy,LATAM,87774.49,9079.19,11.92,0,29-07-2025,Certified
SUP-1648,Vendor_648,IT Services,APAC,475.63,145.46,39.87,0,17-03-2025,Certified
SUP-1649,Vendor_649,Energy,NA,51455.6,15419.61,7.19,1,01-08-2025,Certified
SUP-1650,Vendor_650,IT Services,NA,364.79,172.24,46.67,1,10-03-2025,Certified
SUP-1651,Vendor_651,Healthcare,APAC,632.58,1198.95,35.53,1,15-11-2025,Certified
SUP-1652,Vendor_652,IT Services,NA,203.83,55.05,48.19,0,12-07-2025,Certified
SUP-1653,Vendor_653,IT Services,NA,322.93,55.85,45,1,07-12-2025,Certified
SUP-1654,Vendor_654,Healthcare,APAC,1832.18,825.29,43.51,3,10-05-2025,Certified
SUP-1655,Vendor_655,Consumer Goods,LATAM,3306.81,1201.77,21.9,2,13-05-2025,Certified
SUP-1656,Vendor_656,IT Services,NA,422.67,178.7,49.96,0,06-12-2025,Certified
SUP-1657,Vendor_657,Manufacturing,NA,5403.51,4467.15,11.95,0,22-10-2025,Certified
SUP-1658,Vendor_658,Consumer Goods,LATAM,2441.71,3351.21,31.32,1,25-04-2025,Certified
SUP-1659,Vendor_659,Energy,EMEA,53921.09,5215.72,12.64,2,03-02-2026,Certified
SUP-1660,Vendor_660,Healthcare,APAC,1755.68,1119.53,,3,06-07-2025,Certified
SUP-1661,Vendor_661,Manufacturing,APAC,14906.79,6540.38,16.63,1,07-03-2025,Certified
SUP-1662,Vendor_662,IT Services,LATAM,191.55,139.53,48.92,2,18-01-2026,Certified
SUP-1663,Vendor_663,Consumer Goods,NA,1846.54,3986.89,39.62,3,20-04-2025,Certified
SUP-1664,Vendor_664,Manufacturing,EMEA,5533.48,4728.59,20.12,1,22-03-2025,Certified
SUP-1665,Vendor_665,Healthcare,LATAM,1912.54,667.36,37.51,3,06-02-2026,Certified
SUP-1666,Vendor_666,IT Services,NA,162.48,145.39,43.99,0,25-09-2025,Certified
SUP-1667,Vendor_667,Healthcare,EMEA,15577.09,955.17,40.02,1,28-08-2025,Certified
SUP-1668,Vendor_668,IT Services,NA,107.66,166.87,44.15,4,08-06-2025,Certified
SUP-1669,Vendor_669,Manufacturing,EMEA,9884.96,4411.32,12.31,1,12-01-2026,Certified
SUP-1670,Vendor_670,Manufacturing,APAC,14213.08,5499.14,18.89,1,15-08-2025,Certified
SUP-1671,Vendor_671,Consumer Goods,NA,11269.75,2270.01,,4,23-02-2025,Certified
SUP-1672,Vendor_672,Consumer Goods,LATAM,4451.99,3658.28,23.93,1,29-08-2025,Certified
SUP-1673,Vendor_673,Energy,LATAM,88158.42,19958.57,5.3,3,15-08-2025,Certified
SUP-1674,Vendor_674,Manufacturing,APAC,13473.88,2374.36,15.03,0,04-04-2025,Certified
SUP-1675,Vendor_675,Consumer Goods,APAC,49013.73,3450.92,37.05,1,09-08-2025,Certified
SUP-1676,Vendor_676,Manufacturing,NA,8855.98,2426.21,13.16,0,18-09-2025,Certified
SUP-1677,Vendor_677,Energy,LATAM,68146.43,9028.43,6.01,0,24-02-2025,Certified
SUP-1678,Vendor_678,Energy,LATAM,48836.53,19596.15,12.59,2,16-12-2025,Certified
SUP-1679,Vendor_679,Consumer Goods,APAC,4193.17,1978.76,25.99,0,16-04-2025,Certified
SUP-1680,Vendor_680,Energy,APAC,47780.74,8846.95,8.55,1,12-04-2025,Certified
SUP-1681,Vendor_681,Healthcare,EMEA,815.76,1309.02,32.2,1,26-09-2025,Certified
SUP-1682,Vendor_682,Consumer Goods,NA,1619.7,1248.21,29.69,1,14-07-2025,Certified
SUP-1683,Vendor_683,Consumer Goods,EMEA,4215.22,1411.45,31.61,1,27-12-2025,Certified
SUP-1684,Vendor_684,Healthcare,EMEA,1436,773.64,37.32,0,26-07-2025,Certified
SUP-1685,Vendor_685,IT Services,APAC,283.83,95.97,47.34,0,31-05-2025,Certified
SUP-1686,Vendor_686,Energy,APAC,65116.44,11876.47,12.25,2,28-10-2025,Certified
SUP-1687,Vendor_687,Energy,APAC,91732.18,9708.13,10.38,3,29-11-2025,Certified
SUP-1688,Vendor_688,Healthcare,APAC,792.75,989.39,41.12,1,05-10-2025,Certified
SUP-1689,Vendor_689,Healthcare,LATAM,1757.35,861.4,42.9,1,11-08-2025,Certified
SUP-1690,Vendor_690,IT Services,APAC,281.6,164.37,36.89,0,24-11-2025,Certified
SUP-1691,Vendor_691,Healthcare,LATAM,1927.17,675.49,38.52,1,03-05-2025,Certified
SUP-1692,Vendor_692,Manufacturing,APAC,11447.45,3378.96,,1,09-06-2025,Certified
SUP-1693,Vendor_693,IT Services,LATAM,156.49,135.63,37.78,0,22-09-2025,Certified
SUP-1694,Vendor_694,Healthcare,EMEA,828.06,682.84,42.39,0,29-06-2025,Certified
SUP-1695,Vendor_695,Consumer Goods,APAC,4708.5,3909.78,31.43,0,23-07-2025,Certified
SUP-1696,Vendor_696,Manufacturing,LATAM,87454.82,6786.39,15.51,0,23-07-2025,Certified
SUP-1697,Vendor_697,Energy,EMEA,73407.09,17676.81,12.96,0,13-03-2025,Certified
SUP-1698,Vendor_698,Healthcare,EMEA,1509.15,720.5,33.27,1,21-03-2025,Certified
SUP-1699,Vendor_699,IT Services,NA,2052.99,50.1,48.06,3,31-12-2025,Certified
SUP-1700,Vendor_700,IT Services,APAC,283.33,102.68,36.41,2,30-03-2025,Certified
SUP-1701,Vendor_701,Healthcare,NA,937.19,707.54,33.57,2,09-07-2025,Certified
SUP-1702,Vendor_702,IT Services,APAC,404.23,73.17,42.31,1,30-03-2025,Certified
SUP-1703,Vendor_703,IT Services,LATAM,499.82,165.42,40.97,1,29-07-2025,Certified
SUP-1704,Vendor_704,Energy,NA,41827.82,8066.73,8.4,2,02-02-2026,Certified
SUP-1705,Vendor_705,Manufacturing,NA,10098.54,5007.65,10.75,0,01-03-2025,Certified
SUP-1706,Vendor_706,IT Services,LATAM,320.46,115.73,47.59,0,06-12-2025,Certified
SUP-1707,Vendor_707,Consumer Goods,APAC,1099.89,2347.12,24.75,0,01-05-2025,Certified
SUP-1708,Vendor_708,Healthcare,NA,1586.9,611.59,39.12,0,21-09-2025,Certified
SUP-1709,Vendor_709,Healthcare,APAC,760.24,879.75,42.02,1,12-05-2025,Certified
SUP-1710,Vendor_710,Energy,EMEA,47529.18,16591.57,7.37,3,04-09-2025,Certified
SUP-1711,Vendor_711,Energy,LATAM,43969.91,5287.33,13.27,2,03-02-2026,Certified
SUP-1712,Vendor_712,Energy,LATAM,60705.02,5451.56,,2,22-06-2025,Certified
SUP-1713,Vendor_713,Consumer Goods,NA,3445.85,3035.5,26.35,4,22-04-2025,Certified
SUP-1714,Vendor_714,Consumer Goods,APAC,2126.46,3890.08,20.21,4,16-12-2025,Certified
SUP-1715,Vendor_715,Manufacturing,EMEA,8399.72,2473.64,16.64,0,11-02-2026,Certified
SUP-1716,Vendor_716,Manufacturing,LATAM,8433.87,0,24.03,0,17-12-2025,Certified
SUP-1717,Vendor_717,Manufacturing,NA,8725.09,7571.78,,0,01-04-2025,Certified
SUP-1718,Vendor_718,Energy,APAC,49767.46,13928.19,6.5,2,14-09-2025,Certified
SUP-1719,Vendor_719,Consumer Goods,LATAM,1986.63,2412.88,33.24,3,01-02-2026,Certified
SUP-1720,Vendor_720,Consumer Goods,APAC,4269.63,3271.14,21.11,0,23-01-2026,Certified
SUP-1721,Vendor_721,Energy,EMEA,52746.84,14952.85,9.11,3,21-09-2025,Certified
SUP-1722,Vendor_722,IT Services,LATAM,225.55,153.66,39.07,0,02-07-2025,Certified
SUP-1723,Vendor_723,Consumer Goods,APAC,1738.53,2026.32,28.6,1,08-11-2025,Certified
SUP-1724,Vendor_724,Consumer Goods,NA,3939.7,2594.36,25.76,1,16-01-2026,Certified
SUP-1725,Vendor_725,Consumer Goods,APAC,3384.33,2301.53,23.29,0,16-03-2025,Certified
SUP-1726,Vendor_726,Healthcare,NA,1320.04,1402.41,35.16,4,16-10-2025,Certified
SUP-1727,Vendor_727,Healthcare,LATAM,1485.55,1398.39,35.99,1,26-05-2025,Certified
SUP-1728,Vendor_728,Manufacturing,APAC,13265.51,6805.88,11.57,1,20-01-2026,Certified
SUP-1729,Vendor_729,Consumer Goods,NA,1474.84,3941.7,24.29,0,10-01-2026,Certified
SUP-1730,Vendor_730,IT Services,EMEA,337.94,160.83,35.49,2,28-10-2025,Certified
SUP-1731,Vendor_731,IT Services,LATAM,1690.1,135.2,,3,17-03-2025,Certified
SUP-1732,Vendor_732,Energy,EMEA,98183.42,11468.51,8.48,0,25-09-2025,Certified
SUP-1733,Vendor_733,IT Services,APAC,121.11,153.8,41.87,0,23-02-2025,Certified
SUP-1734,Vendor_734,Manufacturing,LATAM,11139.7,3517.15,18.66,1,18-12-2025,Certified
SUP-1735,Vendor_735,IT Services,NA,428.28,121.6,40.26,1,03-07-2025,Certified
SUP-1736,Vendor_736,Consumer Goods,APAC,2312.72,1627.18,21.69,1,03-03-2025,Certified
SUP-1737,Vendor_737,Consumer Goods,LATAM,4363.63,1663.72,27.62,2,25-09-2025,Certified
SUP-1738,Vendor_738,IT Services,LATAM,283.65,95.49,48.99,0,16-02-2025,Certified
SUP-1739,Vendor_739,IT Services,EMEA,473.5,152.58,42.97,0,25-07-2025,Certified
SUP-1740,Vendor_740,Energy,EMEA,68535.77,11116.22,6.61,3,20-05-2025,Certified
SUP-1741,Vendor_741,Manufacturing,LATAM,5684.5,4506,11.75,3,22-08-2025,Certified
SUP-1742,Vendor_742,IT Services,NA,241.87,132.6,,3,27-07-2025,Certified
SUP-1743,Vendor_743,Manufacturing,NA,7553.36,2635.25,15.32,1,08-10-2025,Certified
SUP-1744,Vendor_744,Manufacturing,APAC,11581.6,2420.65,15.93,0,04-05-2025,Certified
SUP-1745,Vendor_745,IT Services,EMEA,162.73,174.1,35.63,1,19-03-2025,Certified
SUP-1746,Vendor_746,Energy,LATAM,92759.81,13355.61,7.31,3,19-05-2025,Certified
SUP-1747,Vendor_747,Healthcare,EMEA,1829.27,1434.3,43.75,2,04-11-2025,Certified
SUP-1748,Vendor_748,Energy,NA,85143.87,12969.41,11.77,2,23-08-2025,Certified
SUP-1749,Vendor_749,Manufacturing,EMEA,6464.36,0,18.1,2,18-07-2025,Certified
SUP-1750,Vendor_750,Healthcare,NA,1872.59,751.17,42.66,1,28-10-2025,Certified
SUP-1751,Vendor_751,Energy,APAC,58508.1,13595.63,8.25,0,07-08-2025,Certified
SUP-1752,Vendor_752,Consumer Goods,NA,2087.99,1019.14,,2,20-01-2026,Certified
SUP-1753,Vendor_753,IT Services,EMEA,238.32,150.66,47.08,2,06-07-2025,Certified
SUP-1754,Vendor_754,Consumer Goods,APAC,2063.71,3971,20.52,2,14-10-2025,Certified
SUP-1755,Vendor_755,Energy,LATAM,47223.25,19077.95,6.81,1,21-09-2025,Certified
SUP-1756,Vendor_756,Consumer Goods,NA,2228.87,2639.38,28.34,0,02-12-2025,Certified
SUP-1757,Vendor_757,Manufacturing,LATAM,6709.36,4508.87,21.36,1,12-11-2025,Certified
SUP-1758,Vendor_758,Healthcare,NA,1089.66,600.25,30.25,2,17-06-2025,Certified
SUP-1759,Vendor_759,Manufacturing,NA,7338.13,2142.25,22.52,1,02-03-2025,Certified
SUP-1760,Vendor_760,Healthcare,APAC,847.21,1368.41,43.9,1,07-05-2025,Certified
SUP-1761,Vendor_761,Healthcare,APAC,559.09,1073.95,35.89,0,26-03-2025,Certified
SUP-1762,Vendor_762,Healthcare,NA,1374.88,511.3,41.81,1,03-02-2026,Certified
SUP-1763,Vendor_763,Manufacturing,EMEA,10883.52,4386.11,24.61,1,11-07-2025,Certified
SUP-1764,Vendor_764,Healthcare,LATAM,1564.16,771.49,43.56,1,16-09-2025,Certified
SUP-1765,Vendor_765,Consumer Goods,EMEA,1202.29,2278.36,36.65,1,22-11-2025,Certified
SUP-1766,Vendor_766,Manufacturing,APAC,7260.79,6903.83,23.96,0,31-05-2025,Certified
SUP-1767,Vendor_767,Healthcare,LATAM,1175.09,837.45,,0,07-10-2025,Certified
SUP-1768,Vendor_768,Healthcare,LATAM,816.69,1252.47,30.77,1,14-05-2025,Certified
SUP-1769,Vendor_769,Energy,NA,60064.07,10918.58,10.3,0,26-08-2025,Certified
SUP-1770,Vendor_770,Energy,EMEA,74319.75,17081.48,12.6,0,18-12-2025,Certified
SUP-1771,Vendor_771,IT Services,EMEA,159.7,90.23,40.42,1,15-01-2026,Certified
SUP-1772,Vendor_772,Consumer Goods,EMEA,1226.72,1104.02,27.84,1,17-03-2025,Certified
SUP-1773,Vendor_773,Healthcare,EMEA,1462.26,759.83,43.29,1,05-05-2025,Certified
SUP-1774,Vendor_774,IT Services,EMEA,192,111.7,38.61,4,21-12-2025,Certified
SUP-1775,Vendor_775,Healthcare,APAC,734.48,1237.95,35.41,1,16-03-2025,Certified
SUP-1776,Vendor_776,IT Services,EMEA,132.49,198.89,37.34,4,21-03-2025,Certified
SUP-1777,Vendor_777,Healthcare,APAC,1799.15,789.44,37.02,1,27-01-2026,Certified
SUP-1778,Vendor_778,IT Services,APAC,270.99,99.54,43.46,1,14-03-2025,Certified
SUP-1779,Vendor_779,Manufacturing,APAC,14344.33,6134.53,22.35,2,02-01-2026,Certified
SUP-1780,Vendor_780,Consumer Goods,APAC,4273.52,1120.42,37.8,1,07-09-2025,Certified
SUP-1781,Vendor_781,Consumer Goods,LATAM,1841.27,3296.09,25.06,1,11-05-2025,Certified
SUP-1782,Vendor_782,IT Services,APAC,150.38,196.87,45.11,1,01-10-2025,Certified
SUP-1783,Vendor_783,Manufacturing,EMEA,117648.37,5565.45,19.05,2,06-02-2026,Certified
SUP-1784,Vendor_784,Energy,APAC,56555.36,16528.72,7.26,1,02-03-2025,Certified
SUP-1785,Vendor_785,IT Services,LATAM,350.13,162.06,38.28,0,08-06-2025,Certified
SUP-1786,Vendor_786,Consumer Goods,EMEA,1523.89,2817.99,36.99,0,11-03-2025,Certified
SUP-1787,Vendor_787,Manufacturing,APAC,12341.51,4047.91,17.18,2,17-06-2025,Certified
SUP-1788,Vendor_788,Energy,EMEA,40820.94,6223.98,7.59,0,22-10-2025,Certified
SUP-1789,Vendor_789,Manufacturing,LATAM,11313.75,4558.39,18.22,0,07-01-2026,Certified
SUP-1790,Vendor_790,Manufacturing,NA,7959.32,5982.95,24.48,0,22-03-2025,Certified
SUP-1791,Vendor_791,IT Services,NA,456.15,136.53,43.46,1,26-08-2025,Certified
SUP-1792,Vendor_792,Manufacturing,EMEA,5898.77,5605.47,15.11,2,13-05-2025,Certified
SUP-1793,Vendor_793,Healthcare,APAC,1572.08,793.35,37.88,4,20-09-2025,Certified
SUP-1794,Vendor_794,IT Services,EMEA,478.37,94.37,35.02,0,23-06-2025,Certified
SUP-1795,Vendor_795,Healthcare,NA,826.84,1161.83,39.51,1,23-09-2025,Certified
SUP-1796,Vendor_796,Manufacturing,NA,12287.78,3941.18,19.98,1,14-12-2025,Certified
SUP-1797,Vendor_797,Healthcare,LATAM,701.86,594.42,,2,09-09-2025,Certified
SUP-1798,Vendor_798,Energy,LATAM,64121.63,15934.09,12.8,0,30-08-2025,Certified
SUP-1799,Vendor_799,Manufacturing,NA,5000.31,6272.82,15.35,0,15-12-2025,Certified
SUP-1800,Vendor_800,Energy,NA,40773.85,13104.49,13.51,2,23-11-2025,Certified
SUP-1801,Vendor_801,Energy,EMEA,45103.38,13233.09,8.8,1,12-05-2025,Certified
SUP-1802,Vendor_802,Manufacturing,NA,7402.99,2569.79,14.72,0,06-11-2025,Certified
SUP-1803,Vendor_803,Consumer Goods,NA,1707.59,3962.01,28.88,3,14-10-2025,Certified
SUP-1804,Vendor_804,IT Services,NA,424.99,99.04,39.59,1,12-08-2025,Certified
SUP-1805,Vendor_805,IT Services,APAC,372.88,97.29,37,1,31-10-2025,Certified
SUP-1806,Vendor_806,Energy,NA,74709.55,15401.33,,3,17-01-2026,Certified
SUP-1807,Vendor_807,IT Services,EMEA,347.67,78,35.39,0,28-08-2025,Certified
SUP-1808,Vendor_808,IT Services,LATAM,277.21,142.57,47.75,0,06-12-2025,Certified
SUP-1809,Vendor_809,IT Services,NA,150.22,194.52,36.62,1,23-11-2025,Certified
SUP-1810,Vendor_810,IT Services,APAC,316.55,62.9,35.86,0,29-04-2025,Certified
SUP-1811,Vendor_811,IT Services,APAC,334.24,131.65,38.51,2,16-10-2025,Certified
SUP-1812,Vendor_812,Healthcare,NA,1247.19,1189.31,33.78,1,02-05-2025,Certified
SUP-1813,Vendor_813,Manufacturing,LATAM,13979.35,6859.55,18.75,1,21-09-2025,Certified
SUP-1814,Vendor_814,Consumer Goods,LATAM,3563.86,2398.54,23.8,2,29-03-2025,Certified
SUP-1815,Vendor_815,IT Services,NA,464.54,53.14,39.74,0,01-08-2025,Certified
SUP-1816,Vendor_816,Healthcare,NA,1649.79,1202.11,34.97,1,19-11-2025,Certified
SUP-1817,Vendor_817,Manufacturing,NA,12562.54,4725.1,16.18,1,24-03-2025,Certified
SUP-1818,Vendor_818,Healthcare,EMEA,680.67,1084.54,44.54,1,13-06-2025,Certified
SUP-1819,Vendor_819,Consumer Goods,APAC,2357.22,2517.79,23.24,2,20-12-2025,Certified
SUP-1820,Vendor_820,Healthcare,LATAM,1032.09,900.7,31.73,2,04-12-2025,Certified
SUP-1821,Vendor_821,Energy,LATAM,79581.42,11630.5,11.48,0,04-05-2025,Certified
SUP-1822,Vendor_822,IT Services,EMEA,425.49,191.08,44.73,1,05-01-2026,Certified
SUP-1823,Vendor_823,IT Services,EMEA,290.97,140.27,43.73,1,23-05-2025,Certified
SUP-1824,Vendor_824,Energy,LATAM,47609.44,10876.14,6.63,1,27-08-2025,Certified
SUP-1825,Vendor_825,Manufacturing,APAC,5585.65,5314.2,18.93,2,13-02-2026,Certified
SUP-1826,Vendor_826,Consumer Goods,NA,4212.05,2620.84,21.59,2,04-01-2026,Certified
SUP-1827,Vendor_827,Consumer Goods,EMEA,2185.3,1430.41,23.03,1,05-02-2026,Certified
SUP-1828,Vendor_828,Energy,LATAM,44836.92,19093.53,,2,27-05-2025,Certified
SUP-1829,Vendor_829,Manufacturing,LATAM,9768.39,5780.56,22.43,1,25-04-2025,Certified
SUP-1830,Vendor_830,IT Services,NA,476.35,68.65,48.13,1,25-04-2025,Certified
SUP-1831,Vendor_831,IT Services,APAC,388.83,56.04,41.08,1,29-03-2025,Certified
SUP-1832,Vendor_832,Energy,APAC,96156.23,15083.76,9.81,2,25-10-2025,Certified
SUP-1833,Vendor_833,IT Services,LATAM,493.01,62.92,47.22,0,11-03-2025,Certified
SUP-1834,Vendor_834,Energy,LATAM,47930.78,11597.83,11.44,1,13-04-2025,Certified
SUP-1835,Vendor_835,IT Services,LATAM,339.78,185.36,40.75,0,01-01-2026,Certified
SUP-1836,Vendor_836,Consumer Goods,EMEA,27703.09,1145.09,36.41,2,23-01-2026,Certified
SUP-1837,Vendor_837,Consumer Goods,EMEA,4199.13,2664.06,36.52,2,30-06-2025,Certified
SUP-1838,Vendor_838,Manufacturing,APAC,9141.41,7747.68,18.12,1,26-05-2025,Certified
SUP-1839,Vendor_839,IT Services,LATAM,350.26,135.74,37.77,0,19-03-2025,Certified
SUP-1840,Vendor_840,Consumer Goods,APAC,3417.44,3291.08,30.47,0,23-12-2025,Certified
SUP-1841,Vendor_841,Healthcare,APAC,1499.78,580.11,36.63,0,29-04-2025,Certified
SUP-1842,Vendor_842,Energy,NA,51067.54,8034.41,8.87,0,28-05-2025,Certified
SUP-1843,Vendor_843,Energy,NA,63867.61,12675.61,9.83,2,29-05-2025,Certified
SUP-1844,Vendor_844,IT Services,LATAM,302.28,59.31,36.07,2,22-12-2025,Certified
SUP-1845,Vendor_845,Healthcare,LATAM,1336.81,1459.79,30.73,0,13-05-2025,Certified
SUP-1846,Vendor_846,Consumer Goods,LATAM,1176.26,1555.83,30.83,1,09-06-2025,Certified
SUP-1847,Vendor_847,Healthcare,LATAM,1918.96,1342.17,34.45,0,15-04-2025,Certified
SUP-1848,Vendor_848,Energy,EMEA,50193.22,6904.17,6.23,1,18-11-2025,Certified
SUP-1849,Vendor_849,Consumer Goods,NA,2432.56,3968.52,33.69,1,15-04-2025,Certified
SUP-1850,Vendor_850,Manufacturing,APAC,8821.39,5328.39,,0,04-06-2025,Certified
SUP-1851,Vendor_851,IT Services,LATAM,368.17,146.27,,1,24-09-2025,Certified
SUP-1852,Vendor_852,Manufacturing,NA,5240.05,4012.23,12.66,0,02-01-2026,Certified
SUP-1853,Vendor_853,Consumer Goods,LATAM,48268.82,2798.08,34.57,1,23-11-2025,Certified
SUP-1854,Vendor_854,Healthcare,APAC,855.39,596.97,32.69,2,24-09-2025,Certified
SUP-1855,Vendor_855,Healthcare,LATAM,1212.63,1422.43,31.09,0,17-03-2025,Certified
SUP-1856,Vendor_856,Consumer Goods,NA,2399.75,3347.28,39.85,0,24-02-2025,Certified
SUP-1857,Vendor_857,Manufacturing,NA,13743.07,6983.74,13.37,1,09-05-2025,Certified
SUP-1858,Vendor_858,Consumer Goods,EMEA,4912.88,1542.68,35.98,1,31-03-2025,Certified
SUP-1859,Vendor_859,IT Services,APAC,268,136.75,47.49,2,14-07-2025,Certified
SUP-1860,Vendor_860,Healthcare,APAC,1538.08,639.99,36.24,1,08-03-2025,Certified
SUP-1861,Vendor_861,Manufacturing,NA,10196.12,7979.16,12.03,1,25-01-2026,Certified
SUP-1862,Vendor_862,Manufacturing,EMEA,6330.1,2952.42,24.24,3,02-06-2025,Certified
SUP-1863,Vendor_863,Energy,LATAM,61326.36,15038.29,9.84,1,12-03-2025,Certified
SUP-1864,Vendor_864,Consumer Goods,EMEA,3375.12,2726.78,23.23,1,27-01-2026,Certified
SUP-1865,Vendor_865,Energy,APAC,74217.22,8151.61,12.42,0,10-04-2025,Certified
SUP-1866,Vendor_866,IT Services,EMEA,241.93,167.03,43.46,0,11-07-2025,Certified
SUP-1867,Vendor_867,Healthcare,NA,1542.43,1067.39,,2,02-06-2025,Certified
SUP-1868,Vendor_868,Healthcare,EMEA,699.77,761.33,36.29,2,28-06-2025,Certified
SUP-1869,Vendor_869,Manufacturing,LATAM,5064.64,4977.44,14.28,1,20-05-2025,Certified
SUP-1870,Vendor_870,Healthcare,LATAM,1377.24,1441.47,32.62,1,26-09-2025,Certified
SUP-1871,Vendor_871,Consumer Goods,NA,3502.73,2651.6,28.15,2,22-07-2025,Certified
SUP-1872,Vendor_872,Energy,EMEA,41353.87,17924.97,10.77,3,18-10-2025,Certified
SUP-1873,Vendor_873,Energy,LATAM,84991.6,18695.62,10.72,0,25-12-2025,Certified
SUP-1874,Vendor_874,Manufacturing,LATAM,7687.98,3191.87,13.7,1,17-04-2025,Certified
SUP-1875,Vendor_875,Healthcare,NA,1381.99,926.5,39.23,0,20-09-2025,Certified
SUP-1876,Vendor_876,Manufacturing,EMEA,5877.88,3030.98,17.77,0,28-09-2025,Certified
SUP-1877,Vendor_877,IT Services,LATAM,213.31,110.05,47.18,0,05-11-2025,Certified
SUP-1878,Vendor_878,Consumer Goods,LATAM,3597.52,3006.63,35.97,1,01-11-2025,Certified
SUP-1879,Vendor_879,IT Services,LATAM,161.51,182.93,41.88,2,20-08-2025,Certified
SUP-1880,Vendor_880,Consumer Goods,EMEA,4726.96,3990.85,34.4,0,03-01-2026,Certified
SUP-1881,Vendor_881,Consumer Goods,NA,4519.01,1147.66,24.62,1,09-08-2025,Certified
SUP-1882,Vendor_882,Consumer Goods,NA,1882.6,1414.38,37.18,2,05-05-2025,Certified
SUP-1883,Vendor_883,Consumer Goods,APAC,4032.16,3280.02,26.25,1,22-10-2025,Certified
SUP-1884,Vendor_884,IT Services,APAC,490.62,146.84,49.02,1,14-08-2025,Certified
SUP-1885,Vendor_885,Healthcare,LATAM,1648.79,1191.66,44.48,1,10-06-2025,Certified
SUP-1886,Vendor_886,Manufacturing,APAC,11717.09,6375.86,18.63,0,20-01-2026,Certified
SUP-1887,Vendor_887,Manufacturing,NA,10044.56,3873.14,16.41,2,14-01-2026,Certified
SUP-1888,Vendor_888,IT Services,LATAM,262.13,90.37,37.98,2,19-12-2025,Certified
SUP-1889,Vendor_889,Healthcare,EMEA,1626.92,1397,42.69,0,24-10-2025,Certified
SUP-1890,Vendor_890,Consumer Goods,APAC,4825.17,2130.03,26.78,0,03-01-2026,Certified
SUP-1891,Vendor_891,Healthcare,NA,1229.26,609.01,33.73,1,28-09-2025,Certified
SUP-1892,Vendor_892,Consumer Goods,NA,4501.95,1907.4,37.17,2,09-04-2025,Certified
SUP-1893,Vendor_893,Consumer Goods,LATAM,37612.91,3835.07,33.65,1,29-03-2025,Certified
SUP-1894,Vendor_894,Manufacturing,EMEA,11457.25,5063.42,11.8,1,27-06-2025,Certified
SUP-1895,Vendor_895,Consumer Goods,EMEA,4445.67,1411.9,39.05,1,03-12-2025,Certified
SUP-1896,Vendor_896,Manufacturing,APAC,12518.25,6871.68,24.19,1,09-05-2025,Certified
SUP-1897,Vendor_897,Consumer Goods,NA,1526.75,3115.12,34.84,1,13-09-2025,Certified
SUP-1898,Vendor_898,Energy,APAC,92382.59,7532.88,5.54,2,28-05-2025,Certified
SUP-1899,Vendor_899,Energy,NA,63003.83,7524.18,13.36,1,25-06-2025,Certified
SUP-1900,Vendor_900,Manufacturing,EMEA,12203.84,5066.68,19.06,3,01-02-2026,Certified
SUP-1901,Vendor_901,Manufacturing,NA,6054.01,7033.12,20.07,1,25-03-2025,Certified
SUP-1902,Vendor_902,Energy,LATAM,92756.77,15880.57,6.13,2,30-12-2025,Certified
SUP-1903,Vendor_903,Energy,LATAM,97685,15187.44,11.31,0,27-12-2025,Certified
SUP-1904,Vendor_904,IT Services,EMEA,199.52,191.31,39.47,2,20-03-2025,Certified
SUP-1905,Vendor_905,Manufacturing,NA,5107.15,5265.54,24.64,1,06-02-2026,Certified
SUP-1906,Vendor_906,Consumer Goods,LATAM,2376.37,2561.63,28.81,2,12-01-2026,Certified
SUP-1907,Vendor_907,Healthcare,APAC,707.56,1482.74,33.75,0,03-12-2025,Certified
SUP-1908,Vendor_908,Manufacturing,APAC,11631.46,5572.2,16.23,2,16-02-2026,Certified
SUP-1909,Vendor_909,Consumer Goods,APAC,4281.01,2946.24,,1,20-07-2025,Certified
SUP-1910,Vendor_910,Manufacturing,LATAM,12521.14,5077.25,14.81,2,22-09-2025,Certified
SUP-1911,Vendor_911,Manufacturing,NA,14206.91,4070.1,10.82,0,17-02-2025,Certified
SUP-1912,Vendor_912,Energy,LATAM,65121.71,8294.52,5,3,08-02-2026,Certified
SUP-1913,Vendor_913,IT Services,LATAM,148.15,60.14,45.86,2,26-11-2025,Certified
SUP-1914,Vendor_914,Consumer Goods,EMEA,3049.57,2046.5,27.5,2,07-05-2025,Certified
SUP-1915,Vendor_915,Healthcare,LATAM,553.39,1494.33,33.49,0,10-12-2025,Certified
SUP-1916,Vendor_916,Consumer Goods,LATAM,1759.5,1116.87,27.84,1,26-01-2026,Certified
SUP-1917,Vendor_917,Manufacturing,EMEA,9441.83,6053.52,,2,23-10-2025,Certified
SUP-1918,Vendor_918,IT Services,LATAM,411.22,119.11,,3,06-03-2025,Certified
SUP-1919,Vendor_919,IT Services,APAC,315.36,198.82,47.86,0,28-06-2025,Certified
SUP-1920,Vendor_920,Healthcare,NA,1559.56,845.58,30.1,1,13-07-2025,Certified
SUP-1921,Vendor_921,Consumer Goods,EMEA,4275.48,2011.99,36.55,0,22-06-2025,Certified
SUP-1922,Vendor_922,Healthcare,EMEA,961.73,741.17,33.5,0,07-03-2025,Certified
SUP-1923,Vendor_923,IT Services,EMEA,174.85,133.33,39.37,1,07-09-2025,Certified
SUP-1924,Vendor_924,Healthcare,LATAM,18138.57,1405.3,37.39,1,26-07-2025,Certified
SUP-1925,Vendor_925,Consumer Goods,APAC,4813.61,1180.68,25.95,0,02-11-2025,Certified
SUP-1926,Vendor_926,Consumer Goods,NA,2281.61,1492.86,35.66,0,30-01-2026,Certified
SUP-1927,Vendor_927,IT Services,APAC,353.96,68.58,36.06,1,06-08-2025,Certified
SUP-1928,Vendor_928,Consumer Goods,LATAM,4285,2633.89,21.56,1,11-11-2025,Certified
SUP-1929,Vendor_929,IT Services,APAC,443.86,75.32,47.81,0,18-08-2025,Certified
SUP-1930,Vendor_930,Healthcare,APAC,1267.67,1269.44,44.02,3,25-07-2025,Certified
SUP-1931,Vendor_931,Energy,NA,57051.06,9334.53,8.77,1,14-10-2025,Certified
SUP-1932,Vendor_932,Manufacturing,LATAM,6598.8,6147.48,12.51,1,15-01-2026,Certified
SUP-1933,Vendor_933,Healthcare,APAC,1694.66,1239.47,39.68,0,20-07-2025,Certified
SUP-1934,Vendor_934,IT Services,LATAM,318.82,63.12,40.66,1,28-01-2026,Certified
SUP-1935,Vendor_935,Healthcare,LATAM,910.98,1455.65,44.3,1,05-03-2025,Certified
SUP-1936,Vendor_936,Healthcare,APAC,768.64,892.22,44.22,0,01-02-2026,Certified
SUP-1937,Vendor_937,Manufacturing,NA,12635.16,2652.1,24.72,1,04-12-2025,Certified
SUP-1938,Vendor_938,Healthcare,NA,1013.89,1127.67,32.88,0,08-08-2025,Certified
SUP-1939,Vendor_939,Healthcare,APAC,1907.1,1417.65,43.31,2,25-07-2025,Certified
SUP-1940,Vendor_940,Consumer Goods,APAC,2339.16,1941.11,32.71,1,24-04-2025,Certified
SUP-1941,Vendor_941,IT Services,EMEA,338.59,172.16,40.73,0,18-05-2025,Certified
SUP-1942,Vendor_942,Healthcare,NA,795.03,737.48,,2,30-04-2025,Certified
SUP-1943,Vendor_943,Healthcare,EMEA,1043.75,1324,33.06,2,30-04-2025,Certified
SUP-1944,Vendor_944,Energy,APAC,46591.79,18255.26,8.43,1,10-09-2025,Certified
SUP-1945,Vendor_945,Healthcare,EMEA,1535.07,816.1,30.84,1,30-11-2025,Certified
SUP-1946,Vendor_946,Consumer Goods,NA,2547.23,1241.74,22.94,0,30-12-2025,Certified
SUP-1947,Vendor_947,Energy,LATAM,45385.57,18662.39,5.06,1,28-10-2025,Certified
SUP-1948,Vendor_948,IT Services,APAC,223.07,188.91,37.43,1,07-06-2025,Certified
SUP-1949,Vendor_949,Energy,EMEA,84493.97,13200.16,13.84,1,03-01-2026,Certified
SUP-1950,Vendor_950,IT Services,EMEA,178.18,74.93,48.75,1,23-04-2025,Certified
SUP-1951,Vendor_951,IT Services,NA,403.93,100.82,49.28,3,31-12-2025,Certified
SUP-1952,Vendor_952,IT Services,EMEA,202.83,119.76,38.4,2,25-10-2025,Certified
SUP-1953,Vendor_953,Healthcare,APAC,1013.2,1461.55,36.67,1,29-11-2025,Certified
SUP-1954,Vendor_954,IT Services,LATAM,463.82,135.34,46.43,1,05-05-2025,Certified
SUP-1955,Vendor_955,Healthcare,LATAM,1150.54,1348.47,35.45,4,18-12-2025,Certified
SUP-1956,Vendor_956,Consumer Goods,APAC,4380.16,2185.16,21.03,1,24-03-2025,Certified
SUP-1957,Vendor_957,Energy,APAC,67021.02,16234.45,8.57,1,29-08-2025,Certified
SUP-1958,Vendor_958,IT Services,NA,3997.48,131.85,38.06,0,02-03-2025,Certified
SUP-1959,Vendor_959,Healthcare,EMEA,1622.91,982.6,33.24,3,20-01-2026,Certified
SUP-1960,Vendor_960,Consumer Goods,LATAM,2900.4,3693.87,,1,07-04-2025,Certified
SUP-1961,Vendor_961,IT Services,APAC,278.69,68.52,38.09,0,14-08-2025,Certified
SUP-1962,Vendor_962,Manufacturing,APAC,5392.65,7863.7,13.64,3,20-04-2025,Certified
SUP-1963,Vendor_963,Consumer Goods,NA,3912.47,2800.75,34.63,3,14-03-2025,Certified
SUP-1964,Vendor_964,IT Services,LATAM,359.39,60.27,48.46,0,09-08-2025,Certified
SUP-1965,Vendor_965,IT Services,APAC,231.14,172.36,,1,23-11-2025,Certified
SUP-1966,Vendor_966,Energy,APAC,91272.84,10100.07,13.7,0,06-09-2025,Certified
SUP-1967,Vendor_967,Consumer Goods,NA,4107.19,3542.64,,1,23-11-2025,Certified
SUP-1968,Vendor_968,IT Services,APAC,382.64,130.3,44.53,0,01-09-2025,Certified
SUP-1969,Vendor_969,Manufacturing,LATAM,7117.46,2248.98,14.83,3,30-10-2025,Certified
SUP-1970,Vendor_970,Energy,EMEA,97187.21,15788.68,14.3,1,04-05-2025,Certified
SUP-1971,Vendor_971,Energy,APAC,431696.01,15891.27,6.21,1,06-07-2025,Certified
SUP-1972,Vendor_972,Manufacturing,APAC,106441.66,5603.5,12.49,1,01-07-2025,Certified
SUP-1973,Vendor_973,Manufacturing,NA,146981.89,6365.79,23.84,2,15-01-2026,Certified
SUP-1974,Vendor_974,Healthcare,LATAM,1500.03,1123.38,39.04,1,03-07-2025,Certified
SUP-1975,Vendor_975,Energy,NA,600665.52,12789.69,6.98,1,04-04-2025,Certified
SUP-1976,Vendor_976,Manufacturing,NA,5849.66,4617.48,19.87,1,19-09-2025,Certified
SUP-1977,Vendor_977,Energy,LATAM,73490.27,10205.04,14.33,2,16-09-2025,Certified
SUP-1978,Vendor_978,IT Services,EMEA,3948.53,55.51,42.12,2,05-08-2025,Certified
SUP-1979,Vendor_979,Healthcare,LATAM,1329.22,1240.66,37.28,0,20-02-2025,Certified
SUP-1980,Vendor_980,Consumer Goods,APAC,4889.85,2554.03,32.28,0,15-08-2025,Certified
SUP-1981,Vendor_981,Energy,APAC,69009.89,11437.24,5.75,0,30-10-2025,Certified
SUP-1982,Vendor_982,Energy,APAC,90248.35,8597.3,6.95,2,19-04-2025,Certified
SUP-1983,Vendor_983,Consumer Goods,APAC,3307.23,1357.63,20.73,0,04-12-2025,Certified
SUP-1984,Vendor_984,Energy,EMEA,90049.85,6769.59,5.45,2,24-03-2025,Certified
SUP-1985,Vendor_985,Healthcare,EMEA,1132.57,539.92,36.74,2,21-07-2025,Certified
SUP-1986,Vendor_986,Consumer Goods,NA,2262.13,1319.87,27.34,0,11-10-2025,Certified
SUP-1987,Vendor_987,Healthcare,EMEA,1649.89,1466.27,44.55,3,08-02-2026,Certified
SUP-1988,Vendor_988,Manufacturing,LATAM,11307.7,4733.9,17.23,1,22-04-2025,Certified
SUP-1989,Vendor_989,Energy,NA,59082.38,18869.63,,2,04-01-2026,Certified
SUP-1990,Vendor_990,IT Services,EMEA,3185.63,87.46,40.15,2,04-11-2025,Certified
SUP-1991,Vendor_991,Healthcare,EMEA,649.37,516.03,44.46,1,17-06-2025,Certified
SUP-1992,Vendor_992,Manufacturing,EMEA,5797.15,6098.69,23.99,1,13-03-2025,Certified
SUP-1993,Vendor_993,Energy,NA,74903.29,16495.21,9.06,4,26-06-2025,Certified
SUP-1994,Vendor_994,IT Services,APAC,223.88,80.27,48.63,2,06-07-2025,Certified
SUP-1995,Vendor_995,Energy,LATAM,51042.69,16346.77,9.74,0,04-01-2026,Certified
SUP-1996,Vendor_996,Healthcare,EMEA,1424.93,540.33,34.89,1,21-09-2025,Certified
SUP-1997,Vendor_997,IT Services,EMEA,493.86,81.36,36.96,0,12-11-2025,Certified
SUP-1998,Vendor_998,Consumer Goods,LATAM,4076.24,2276.52,31.31,0,26-05-2025,Certified
SUP-1999,Vendor_999,Consumer Goods,EMEA,1137.73,2337.48,36.33,1,10-05-2025,Certified
